-- phpMyAdmin SQL Dump
-- version 4.8.0
-- https://www.phpmyadmin.net/
--
-- Host: 127.0.0.1
-- Erstellungszeit: 26. Dez 2019 um 15:37
-- Server-Version: 10.1.31-MariaDB
-- PHP-Version: 7.2.4

SET SQL_MODE = "NO_AUTO_VALUE_ON_ZERO";
SET AUTOCOMMIT = 0;
START TRANSACTION;
SET time_zone = "+00:00";


/*!40101 SET @OLD_CHARACTER_SET_CLIENT=@@CHARACTER_SET_CLIENT */;
/*!40101 SET @OLD_CHARACTER_SET_RESULTS=@@CHARACTER_SET_RESULTS */;
/*!40101 SET @OLD_COLLATION_CONNECTION=@@COLLATION_CONNECTION */;
/*!40101 SET NAMES utf8mb4 */;

--
-- Datenbank: `eapi`
--

-- --------------------------------------------------------

--
-- Tabellenstruktur für Tabelle `migrations`
--

CREATE TABLE `migrations` (
  `id` int(10) UNSIGNED NOT NULL,
  `migration` varchar(255) COLLATE utf8mb4_unicode_ci NOT NULL,
  `batch` int(11) NOT NULL
) ENGINE=InnoDB DEFAULT CHARSET=utf8mb4 COLLATE=utf8mb4_unicode_ci;

--
-- Daten für Tabelle `migrations`
--

INSERT INTO `migrations` (`id`, `migration`, `batch`) VALUES
(1, '2014_10_12_000000_create_users_table', 1),
(2, '2014_10_12_100000_create_password_resets_table', 1),
(3, '2019_12_26_101017_create_products_table', 1),
(4, '2019_12_26_101049_create_reviews_table', 1);

-- --------------------------------------------------------

--
-- Tabellenstruktur für Tabelle `password_resets`
--

CREATE TABLE `password_resets` (
  `email` varchar(255) COLLATE utf8mb4_unicode_ci NOT NULL,
  `token` varchar(255) COLLATE utf8mb4_unicode_ci NOT NULL,
  `created_at` timestamp NULL DEFAULT NULL
) ENGINE=InnoDB DEFAULT CHARSET=utf8mb4 COLLATE=utf8mb4_unicode_ci;

-- --------------------------------------------------------

--
-- Tabellenstruktur für Tabelle `products`
--

CREATE TABLE `products` (
  `id` int(10) UNSIGNED NOT NULL,
  `name` varchar(255) COLLATE utf8mb4_unicode_ci NOT NULL,
  `detail` text COLLATE utf8mb4_unicode_ci NOT NULL,
  `price` int(11) NOT NULL,
  `stock` int(11) NOT NULL,
  `discount` int(11) NOT NULL,
  `created_at` timestamp NULL DEFAULT NULL,
  `updated_at` timestamp NULL DEFAULT NULL
) ENGINE=InnoDB DEFAULT CHARSET=utf8mb4 COLLATE=utf8mb4_unicode_ci;

--
-- Daten für Tabelle `products`
--

INSERT INTO `products` (`id`, `name`, `detail`, `price`, `stock`, `discount`, `created_at`, `updated_at`) VALUES
(1, 'culpa', 'Iure quisquam consequatur itaque consequatur ut tempora. Consequatur aliquam ullam nesciunt debitis molestias. Non tempore voluptatem optio rerum.', 281, 3, 5, '2019-12-26 08:52:02', '2019-12-26 08:52:02'),
(2, 'pariatur', 'Ratione excepturi et dignissimos ex aut et. Recusandae aliquid rerum rem sint voluptatem officia. Et ipsa et porro voluptatibus ad porro.', 372, 3, 20, '2019-12-26 08:52:02', '2019-12-26 08:52:02'),
(3, 'in', 'Debitis mollitia mollitia ut dolor beatae vel. In modi et cupiditate modi. Nihil fuga sed provident voluptate ullam numquam.', 789, 4, 3, '2019-12-26 08:52:02', '2019-12-26 08:52:02'),
(4, 'in', 'Vel suscipit quae voluptas alias nihil quo at. Et deleniti vel sint. Veniam quia dolor fugiat.', 751, 6, 15, '2019-12-26 08:52:02', '2019-12-26 08:52:02'),
(5, 'unde', 'Expedita recusandae explicabo quod harum. Iusto nostrum ut rerum cupiditate placeat nobis. Aliquid non eligendi esse enim corrupti. Ipsum doloribus voluptatem at natus.', 956, 1, 29, '2019-12-26 08:52:02', '2019-12-26 08:52:02'),
(6, 'tenetur', 'Et perferendis deserunt suscipit ut aut accusamus. Ut et fuga rerum explicabo dolores ut.', 821, 9, 17, '2019-12-26 08:52:02', '2019-12-26 08:52:02'),
(7, 'commodi', 'Quidem qui cupiditate enim beatae quo nesciunt dolorum assumenda. Nemo animi minus exercitationem recusandae distinctio molestiae. Voluptatem fugiat in sint cum sequi laudantium et. Non voluptas rem eaque quo molestiae aut fuga.', 884, 3, 8, '2019-12-26 08:52:02', '2019-12-26 08:52:02'),
(8, 'molestiae', 'Officiis nisi eveniet sequi autem rerum eum similique. Tempora eaque aut quisquam in consequatur qui ratione commodi. Suscipit non qui qui at perferendis rerum.', 566, 2, 30, '2019-12-26 08:52:02', '2019-12-26 08:52:02'),
(9, 'eveniet', 'Ipsum quam quia ipsam animi dolorum. Nulla sit perspiciatis aperiam sit ut autem nobis.', 661, 1, 19, '2019-12-26 08:52:02', '2019-12-26 08:52:02'),
(10, 'velit', 'Delectus nesciunt eos dolorum. Assumenda et maxime repudiandae tempora. Voluptatem molestiae nam et omnis fuga. Dolores est quisquam quidem mollitia eius corrupti.', 342, 6, 5, '2019-12-26 08:52:02', '2019-12-26 08:52:02'),
(11, 'beatae', 'Neque nihil ea eos rerum dolor. Eos quis rerum nemo aliquam. Quisquam atque quasi laudantium minima odio.', 866, 3, 29, '2019-12-26 08:52:02', '2019-12-26 08:52:02'),
(12, 'dicta', 'Quia veritatis et non natus. Nihil excepturi officiis reiciendis aliquam.', 353, 7, 11, '2019-12-26 08:52:02', '2019-12-26 08:52:02'),
(13, 'soluta', 'Rem minus sunt amet excepturi. Qui et iusto a aut sed voluptatem nulla. Sed tenetur voluptatum quisquam odit quasi deserunt.', 866, 7, 27, '2019-12-26 08:52:02', '2019-12-26 08:52:02'),
(14, 'officiis', 'Dolor ut quibusdam vero corporis quod quia sed et. Sed et minima amet ea rerum. Voluptatem ipsa harum et facilis.', 839, 5, 2, '2019-12-26 08:52:02', '2019-12-26 08:52:02'),
(15, 'et', 'Necessitatibus id deleniti eaque possimus laudantium ea. Labore eius asperiores numquam. Nobis facere ut ullam saepe.', 171, 9, 20, '2019-12-26 08:52:02', '2019-12-26 08:52:02'),
(16, 'voluptas', 'Suscipit dolorem vel rerum et pariatur. Quia distinctio maiores excepturi nisi quae sit tempore. Voluptatem quas omnis ipsam a error ab. Sed deleniti dolores rem amet vel.', 937, 9, 21, '2019-12-26 08:52:02', '2019-12-26 08:52:02'),
(17, 'quia', 'Libero consequatur perferendis maxime aperiam aut accusamus. Perferendis est facere non architecto.', 300, 7, 26, '2019-12-26 08:52:02', '2019-12-26 08:52:02'),
(18, 'voluptates', 'Suscipit qui vero et laborum. Quod velit itaque praesentium eos facere dolores.', 607, 0, 3, '2019-12-26 08:52:02', '2019-12-26 08:52:02'),
(19, 'est', 'Occaecati doloribus voluptatem optio nam pariatur officia eum. Est quo blanditiis voluptates sint voluptatem non sed. Explicabo nobis aut veritatis voluptatum non velit voluptas harum. Minima neque hic repellat necessitatibus est ratione qui.', 889, 2, 8, '2019-12-26 08:52:02', '2019-12-26 08:52:02'),
(20, 'vitae', 'Veritatis quos molestiae unde omnis. Hic voluptas ad distinctio aut id debitis amet. Dolor expedita officia expedita sequi nihil vitae porro. Impedit id ullam soluta sit rerum et. Ipsam qui numquam voluptas vero omnis distinctio.', 318, 1, 11, '2019-12-26 08:52:02', '2019-12-26 08:52:02'),
(21, 'nam', 'Libero commodi deleniti quo. Sapiente sit ipsam aut facere dolorem facere cum. Commodi fugit fugiat accusamus nihil aut autem qui. Recusandae et odio voluptatem neque dicta.', 968, 3, 10, '2019-12-26 08:52:02', '2019-12-26 08:52:02'),
(22, 'ut', 'Commodi maiores sunt id fugit numquam. Atque enim fuga nisi iure. Sapiente quas animi porro.', 762, 8, 15, '2019-12-26 08:52:02', '2019-12-26 08:52:02'),
(23, 'esse', 'Laudantium consequatur veniam nisi maxime non enim. Et veritatis magnam non commodi autem. Repellendus molestiae facilis sint et quisquam quis qui. Quisquam cum voluptatum quibusdam nihil.', 523, 2, 12, '2019-12-26 08:52:02', '2019-12-26 08:52:02'),
(24, 'voluptas', 'Aut beatae occaecati rerum facere tempora dicta. Incidunt dolorem facilis sed optio ducimus doloremque aliquid. Ut eum dolores rerum laudantium nihil.', 920, 1, 25, '2019-12-26 08:52:02', '2019-12-26 08:52:02'),
(25, 'dolor', 'Voluptatem suscipit dolores molestiae ea reprehenderit sunt ut. Temporibus qui sed repellendus velit. Repudiandae ipsam vitae dolor vel et ipsa. Omnis tempora voluptatem culpa magnam esse voluptas.', 477, 6, 6, '2019-12-26 08:52:02', '2019-12-26 08:52:02'),
(26, 'culpa', 'Aut sequi et suscipit a repellat iure nam. Illum occaecati unde error eveniet facere sunt ut est. Quod autem corporis est rerum in. Ab voluptatem et qui sit quae laudantium.', 931, 8, 6, '2019-12-26 08:52:02', '2019-12-26 08:52:02'),
(27, 'nihil', 'Rerum debitis similique quas provident sed quae. Et et et quos commodi voluptatem voluptas assumenda blanditiis. Cumque qui nobis rerum ipsam. Tenetur assumenda minus ea quasi repellat voluptatem.', 116, 1, 24, '2019-12-26 08:52:02', '2019-12-26 08:52:02'),
(28, 'libero', 'Corporis magnam aut est debitis quas aperiam voluptatem occaecati. Amet pariatur eius dolor sit. Veritatis quam corrupti nesciunt sit. Pariatur aut voluptatem et consectetur perspiciatis commodi.', 858, 8, 21, '2019-12-26 08:52:02', '2019-12-26 08:52:02'),
(29, 'et', 'Et et fugiat sunt assumenda similique vel sint. Quam non atque sed cumque adipisci. Sunt animi id autem placeat.', 303, 9, 28, '2019-12-26 08:52:02', '2019-12-26 08:52:02'),
(30, 'beatae', 'Voluptatem consequuntur tempora ut et possimus rerum. Id accusamus hic quam sint aliquid ut itaque. Fugit eveniet dolores necessitatibus voluptatem cum pariatur qui officiis.', 119, 6, 10, '2019-12-26 08:52:02', '2019-12-26 08:52:02'),
(31, 'omnis', 'Totam voluptate sed et ut nam sed voluptas. Nesciunt facere sit sit dignissimos. Aut soluta ut non aut quis.', 106, 0, 7, '2019-12-26 08:52:02', '2019-12-26 08:52:02'),
(32, 'ut', 'Libero odio placeat recusandae enim earum. Dolor incidunt dolor unde ex est incidunt. Tempore et suscipit distinctio sunt impedit consectetur nobis dolores. Consequatur voluptatum corrupti voluptas culpa delectus.', 686, 2, 17, '2019-12-26 08:52:02', '2019-12-26 08:52:02'),
(33, 'facilis', 'Tempora eum accusamus nam molestias explicabo voluptatem dolorem. Aspernatur iure at facilis explicabo distinctio consectetur aliquam. Est dolores laborum adipisci id cumque similique. Sed incidunt repudiandae nisi beatae sunt alias. Et sint sint nostrum soluta vitae iusto.', 939, 0, 7, '2019-12-26 08:52:02', '2019-12-26 08:52:02'),
(34, 'quae', 'Nisi sunt quo molestiae qui molestiae. Et laborum quia mollitia labore dicta qui. Perferendis voluptas non eum itaque. Facilis officia minus id velit.', 386, 9, 29, '2019-12-26 08:52:02', '2019-12-26 08:52:02'),
(35, 'voluptatibus', 'Repellendus quisquam occaecati sunt possimus tempora ad. Impedit odit commodi voluptas fugiat ad tempore. Recusandae vel hic accusamus ut explicabo eius sed.', 572, 0, 14, '2019-12-26 08:52:02', '2019-12-26 08:52:02'),
(36, 'odio', 'Consequatur labore expedita blanditiis officiis id tempore odit. Laborum aut officiis aut enim iure ut accusamus et. Et pariatur velit dignissimos quod. Expedita nam distinctio fugit magni.', 418, 2, 14, '2019-12-26 08:52:02', '2019-12-26 08:52:02'),
(37, 'blanditiis', 'Qui quae quia dolore saepe. Dolor ut sed non omnis veritatis sit repellendus officia. Molestias dolores veniam quaerat et earum et beatae.', 566, 5, 4, '2019-12-26 08:52:02', '2019-12-26 08:52:02'),
(38, 'eum', 'Quis sequi esse quos rerum cumque optio repellendus. Aperiam excepturi molestias facere sequi magni. Consequatur veritatis mollitia iusto dignissimos.', 151, 3, 12, '2019-12-26 08:52:02', '2019-12-26 08:52:02'),
(39, 'adipisci', 'Quos repudiandae commodi maxime reprehenderit. Repellendus et rem hic molestiae. Reiciendis quia quos molestiae dolor quis. Illum qui omnis ex temporibus sint ut.', 747, 9, 12, '2019-12-26 08:52:02', '2019-12-26 08:52:02'),
(40, 'aspernatur', 'Laborum ab sit rerum ut esse sapiente et excepturi. Debitis rerum et natus numquam aperiam. In iure eum dolores. Corporis sequi ut officiis nihil quod ipsa temporibus. Autem expedita sint vel.', 103, 7, 15, '2019-12-26 08:52:02', '2019-12-26 08:52:02'),
(41, 'voluptatem', 'Et ea quia omnis eveniet. Qui voluptas cupiditate ut consequatur iusto dolorem. Doloremque nulla eum rerum. Corporis repellendus natus ea odio sit.', 403, 2, 10, '2019-12-26 08:52:02', '2019-12-26 08:52:02'),
(42, 'exercitationem', 'Alias repellat ipsum quos aut consectetur. Praesentium deleniti possimus repellat. Et a tenetur temporibus modi quae labore.', 221, 4, 27, '2019-12-26 08:52:02', '2019-12-26 08:52:02'),
(43, 'molestias', 'Illo porro doloribus ex et omnis. Fugit et est pariatur velit nesciunt in ut. Modi quos et ut ullam quam quasi.', 212, 4, 17, '2019-12-26 08:52:02', '2019-12-26 08:52:02'),
(44, 'laborum', 'Sit nemo commodi aliquid qui delectus unde. Enim maxime et nesciunt quos quos natus. Similique impedit facere magnam repellat officia nemo omnis. Aut eos perferendis est provident saepe occaecati molestias.', 614, 1, 23, '2019-12-26 08:52:02', '2019-12-26 08:52:02'),
(45, 'aliquam', 'Nulla optio praesentium tempora laudantium asperiores et fuga. Corrupti deserunt commodi cum eum sunt debitis. In quos et nostrum neque incidunt dolore. Cupiditate iusto est sequi facilis at et.', 276, 4, 10, '2019-12-26 08:52:02', '2019-12-26 08:52:02'),
(46, 'ut', 'Magni ipsam soluta autem eligendi sed. Ex eum aliquam sunt nihil suscipit illum. Minus nihil ex et dignissimos mollitia velit consequatur.', 448, 7, 5, '2019-12-26 08:52:02', '2019-12-26 08:52:02'),
(47, 'ut', 'Enim enim alias nesciunt ut praesentium aliquam aut. Id omnis exercitationem odio voluptas. Nihil unde est hic voluptatem.', 993, 9, 22, '2019-12-26 08:52:02', '2019-12-26 08:52:02'),
(48, 'ut', 'Quis modi dolore iure quisquam. Et numquam exercitationem qui vel. Aut quas rerum deleniti voluptatibus explicabo nihil. Rerum distinctio possimus tempora nostrum consequatur.', 846, 4, 22, '2019-12-26 08:52:02', '2019-12-26 08:52:02'),
(49, 'reprehenderit', 'Alias iusto culpa placeat doloremque. Atque velit laboriosam est quos atque aperiam. Possimus illo incidunt porro numquam voluptas adipisci.', 435, 6, 17, '2019-12-26 08:52:02', '2019-12-26 08:52:02'),
(50, 'laudantium', 'Explicabo aperiam ratione eum ut nostrum. Vero culpa ut veniam eos quidem. A inventore earum qui nihil aut unde aut. Esse odit voluptas molestiae debitis blanditiis itaque.', 137, 6, 2, '2019-12-26 08:52:02', '2019-12-26 08:52:02');

-- --------------------------------------------------------

--
-- Tabellenstruktur für Tabelle `reviews`
--

CREATE TABLE `reviews` (
  `id` int(10) UNSIGNED NOT NULL,
  `product_id` int(10) UNSIGNED NOT NULL,
  `customer` varchar(255) COLLATE utf8mb4_unicode_ci NOT NULL,
  `review` text COLLATE utf8mb4_unicode_ci NOT NULL,
  `star` int(11) NOT NULL,
  `created_at` timestamp NULL DEFAULT NULL,
  `updated_at` timestamp NULL DEFAULT NULL
) ENGINE=InnoDB DEFAULT CHARSET=utf8mb4 COLLATE=utf8mb4_unicode_ci;

--
-- Daten für Tabelle `reviews`
--

INSERT INTO `reviews` (`id`, `product_id`, `customer`, `review`, `star`, `created_at`, `updated_at`) VALUES
(1, 9, 'Clare Brekke', 'Assumenda illo qui natus exercitationem sit aut. Voluptatem similique molestiae ipsum aspernatur et. Commodi sed nisi aut quo.', 1, '2019-12-26 08:52:02', '2019-12-26 08:52:02'),
(2, 27, 'Maia Harvey', 'Temporibus consectetur qui quas molestias quasi temporibus. Voluptate aut reprehenderit ratione dolores. Ea aliquam neque est qui in nihil doloremque distinctio. Cupiditate in error quasi.', 0, '2019-12-26 08:52:02', '2019-12-26 08:52:02'),
(3, 36, 'Alexie Hegmann Jr.', 'Consequuntur tempore dolores ducimus nostrum. Non sint et aspernatur ex dolorem ipsum. Itaque rem enim quibusdam laborum eum. Qui id amet quis libero.', 1, '2019-12-26 08:52:02', '2019-12-26 08:52:02'),
(4, 15, 'Althea Hauck', 'Qui et vel ut soluta optio mollitia voluptatibus. Ex accusantium amet doloremque non veritatis. Odit quaerat blanditiis non beatae magnam sapiente ut laborum. Qui quasi ut vero necessitatibus est possimus.', 3, '2019-12-26 08:52:02', '2019-12-26 08:52:02'),
(5, 10, 'Grover Durgan Sr.', 'Est eius omnis voluptatem. Ipsum enim ut ipsa. Ducimus eos nulla nobis corrupti at aliquam. Esse consectetur pariatur sunt exercitationem ratione quaerat tenetur.', 5, '2019-12-26 08:52:02', '2019-12-26 08:52:02'),
(6, 8, 'Duane Goyette', 'Quis ea aut velit velit sunt rerum minima. Qui incidunt fugiat blanditiis. Ut ut voluptatum dolorem non.', 2, '2019-12-26 08:52:02', '2019-12-26 08:52:02'),
(7, 25, 'Jeromy Baumbach', 'Esse et labore veritatis nulla. Beatae ut sit qui et. Vero quia in hic et laborum. Placeat sed similique iusto.', 1, '2019-12-26 08:52:02', '2019-12-26 08:52:02'),
(8, 20, 'Ofelia Anderson Sr.', 'Quibusdam omnis at qui rerum aliquam enim est. Minima laborum quasi sunt. Odio ea quo voluptas perspiciatis id sunt.', 3, '2019-12-26 08:52:02', '2019-12-26 08:52:02'),
(9, 5, 'Miss Lauryn Glover Sr.', 'Sit et id voluptate perspiciatis eum vitae qui modi. Nihil commodi eius aperiam culpa rem. Iste sit voluptatem temporibus esse veniam eos ea molestiae.', 3, '2019-12-26 08:52:02', '2019-12-26 08:52:02'),
(10, 19, 'Jolie Ryan', 'Culpa error exercitationem dolor molestiae laboriosam totam impedit. Nulla qui quae quidem est consectetur. Minus mollitia reprehenderit officiis tempora eos voluptatem.', 4, '2019-12-26 08:52:02', '2019-12-26 08:52:02'),
(11, 28, 'Cynthia Tillman', 'Consequuntur exercitationem aliquid excepturi dolor tenetur laudantium. Natus unde aperiam sit fuga. Praesentium iste cupiditate quos eligendi.', 0, '2019-12-26 08:52:02', '2019-12-26 08:52:02'),
(12, 9, 'Sim Donnelly MD', 'Reprehenderit sint molestiae vitae odit expedita debitis. Mollitia rerum voluptas sint aut corporis. Atque quis vitae aliquid sit. Unde atque veritatis aut laboriosam earum.', 0, '2019-12-26 08:52:02', '2019-12-26 08:52:02'),
(13, 20, 'Armani Bernier', 'Quia qui eos aut facere. Officiis iure recusandae voluptatum. Nostrum harum dolores et tempore. Aut aut voluptatem molestiae ad voluptas minus. Officia in maxime doloribus qui labore quaerat velit a.', 5, '2019-12-26 08:52:02', '2019-12-26 08:52:02'),
(14, 20, 'Estel Davis', 'Sint voluptatum ratione in asperiores sed distinctio. Autem nihil assumenda magni ipsa doloribus. Sit error corporis quasi aliquid molestiae consequatur doloremque cupiditate. Dignissimos quos molestiae laborum voluptatibus.', 0, '2019-12-26 08:52:02', '2019-12-26 08:52:02'),
(15, 50, 'Miss Corene Zboncak', 'Et quisquam doloremque omnis suscipit fuga et. Dolor nisi qui ut iure omnis quas et. Inventore provident est velit error qui enim.', 3, '2019-12-26 08:52:02', '2019-12-26 08:52:02'),
(16, 36, 'Malvina Strosin DDS', 'Iste labore quibusdam occaecati nesciunt. Et veniam debitis ut placeat voluptas ut. Laudantium rem aut officiis inventore sequi quia minima.', 3, '2019-12-26 08:52:02', '2019-12-26 08:52:02'),
(17, 12, 'Dallin Stokes', 'Ut quia vero iusto explicabo aliquid. Et sed deleniti eaque ut possimus. Et ut ut nam dolor in.', 5, '2019-12-26 08:52:02', '2019-12-26 08:52:02'),
(18, 48, 'Trycia Eichmann', 'Voluptate aut qui aut praesentium quia. Quas voluptatem sunt rerum neque omnis architecto. Non voluptatem pariatur pariatur dolorem voluptas voluptatem.', 2, '2019-12-26 08:52:02', '2019-12-26 08:52:02'),
(19, 6, 'Kane Schaden', 'Maiores non a fuga et dolor aperiam perferendis. Recusandae quia dolore voluptatem qui facere molestiae. Qui quos iste illum quia explicabo repellendus quia. Ut non aut cupiditate asperiores molestiae.', 0, '2019-12-26 08:52:02', '2019-12-26 08:52:02'),
(20, 22, 'Shayne Grimes', 'Accusantium nemo fuga in voluptatem nemo voluptatem. Explicabo recusandae deleniti illum sit occaecati. Fugiat incidunt quo dolor atque. Explicabo cumque explicabo est et minus.', 2, '2019-12-26 08:52:02', '2019-12-26 08:52:02'),
(21, 43, 'Emmalee Beahan', 'Quia consequuntur optio sit odio quo repellendus. Qui ducimus quo dolorum est. Non ullam vel voluptas aut earum officiis voluptatibus hic.', 5, '2019-12-26 08:52:02', '2019-12-26 08:52:02'),
(22, 12, 'Zoie Ankunding', 'Et natus aut consequatur soluta voluptatem maiores reiciendis. Amet doloremque vero dolore est cumque eos. Error accusamus autem debitis consequatur provident voluptatem aut. Vel explicabo hic velit nihil.', 0, '2019-12-26 08:52:02', '2019-12-26 08:52:02'),
(23, 16, 'Hermann Altenwerth', 'Rerum ducimus perferendis accusamus quia fugiat et illum. Earum voluptate nisi explicabo. Distinctio a iste et aut nostrum in quia.', 0, '2019-12-26 08:52:02', '2019-12-26 08:52:02'),
(24, 14, 'Lily Wilderman', 'Modi vel pariatur earum. Aut quas laborum nam aliquam enim odio maxime. Culpa quibusdam quia aut quae.', 0, '2019-12-26 08:52:02', '2019-12-26 08:52:02'),
(25, 40, 'Billie Grant', 'Neque eos voluptatibus explicabo amet. Iure sapiente quae quia dolorum. Suscipit quaerat eos repudiandae labore suscipit quod reiciendis.', 1, '2019-12-26 08:52:02', '2019-12-26 08:52:02'),
(26, 19, 'Dr. Wilburn Jacobson II', 'Rem voluptatum ipsa occaecati sint aut quibusdam. Quasi repudiandae qui totam molestias. Eligendi et mollitia qui minima rem. Delectus nam quia et soluta.', 0, '2019-12-26 08:52:02', '2019-12-26 08:52:02'),
(27, 32, 'Shane Green II', 'Doloribus voluptatem tenetur voluptatem. Omnis quis sequi minus earum expedita voluptas voluptatem sint. Enim repudiandae distinctio beatae et consectetur similique temporibus. Ipsam aut quas id aperiam repudiandae.', 5, '2019-12-26 08:52:02', '2019-12-26 08:52:02'),
(28, 7, 'Felipa Bayer MD', 'Qui laudantium consequatur nihil. Impedit harum consequatur nesciunt voluptatem iste. Ut in et possimus accusantium nesciunt porro.', 4, '2019-12-26 08:52:02', '2019-12-26 08:52:02'),
(29, 27, 'Amber Walsh', 'Veritatis omnis alias corrupti. Dolor libero sit fugit enim voluptatibus.', 3, '2019-12-26 08:52:02', '2019-12-26 08:52:02'),
(30, 39, 'Evan Moen Sr.', 'Ullam nisi minima libero aut. Placeat maiores impedit quo et dolor corporis nam. Excepturi autem aliquam deserunt alias quasi eaque est. Fuga sit ipsa harum exercitationem eum sunt pariatur.', 2, '2019-12-26 08:52:02', '2019-12-26 08:52:02'),
(31, 16, 'Jewell Shanahan IV', 'Est esse aut voluptas accusamus eligendi. Distinctio voluptas quod cupiditate mollitia quos. Veritatis et provident ut incidunt ea cum. Aut totam exercitationem dolor minima optio consequuntur saepe explicabo. Placeat ut similique quas repellat enim magnam et.', 1, '2019-12-26 08:52:02', '2019-12-26 08:52:02'),
(32, 7, 'Mr. Kian White', 'Ut incidunt magni est dolores ullam perspiciatis earum. Quos debitis quae quia delectus. Et eos quo et numquam suscipit repellendus voluptate.', 0, '2019-12-26 08:52:02', '2019-12-26 08:52:02'),
(33, 5, 'Luciano Robel', 'Inventore sint hic inventore iusto. Est sit mollitia rem libero eius quibusdam. Ullam ullam et et ab et consequatur. Mollitia aliquid doloribus neque recusandae debitis.', 2, '2019-12-26 08:52:02', '2019-12-26 08:52:02'),
(34, 6, 'Landen Hickle', 'Cum explicabo facere accusantium inventore et ut est sunt. Sed quia optio incidunt rerum. Voluptatum eligendi aut sint mollitia eum at aut. Nobis aut et assumenda delectus fugiat aperiam quae quaerat.', 5, '2019-12-26 08:52:02', '2019-12-26 08:52:02'),
(35, 47, 'Eliseo Pfeffer', 'Voluptatem vel officiis minima odit. Sed suscipit animi facere quibusdam. Pariatur veritatis a aperiam modi soluta suscipit ipsa.', 5, '2019-12-26 08:52:02', '2019-12-26 08:52:02'),
(36, 32, 'Gerda Rau', 'Quia alias repellat dolorem distinctio possimus. Qui qui officia aliquam enim tempore odit praesentium. Earum dolorem totam corrupti ut accusantium velit est. Tempora velit excepturi qui dolore atque quia.', 0, '2019-12-26 08:52:02', '2019-12-26 08:52:02'),
(37, 18, 'Mireille Runolfsson', 'Illum omnis consequatur earum eos. Ipsam provident quis fugiat. Quas enim occaecati dolorem enim praesentium soluta. Similique facere accusamus a deserunt.', 2, '2019-12-26 08:52:02', '2019-12-26 08:52:02'),
(38, 21, 'Madge Medhurst', 'Architecto quidem et mollitia odio magni veritatis. Nulla occaecati et aut molestiae enim et. Recusandae doloribus debitis rerum. Voluptatem ipsum temporibus dolorem delectus.', 3, '2019-12-26 08:52:02', '2019-12-26 08:52:02'),
(39, 47, 'Raphael Murazik', 'Eos sapiente sequi non ipsam aliquid quasi. Deleniti consectetur quo qui quae quis enim autem. Dolores hic voluptas necessitatibus odio quae aut.', 3, '2019-12-26 08:52:02', '2019-12-26 08:52:02'),
(40, 13, 'Carmela Legros', 'Veniam tenetur inventore in ut nulla. Unde autem temporibus natus labore sed laborum. Ex illo ut et ea vitae blanditiis aperiam. Autem quia exercitationem sed recusandae repellat porro.', 5, '2019-12-26 08:52:02', '2019-12-26 08:52:02'),
(41, 38, 'Johnson Corwin', 'Fugiat vel veniam sed et. Labore et aperiam magni aspernatur repudiandae incidunt. Consequuntur rerum voluptas fugiat est molestiae iste. Aut et porro ad consequuntur sint minus.', 0, '2019-12-26 08:52:02', '2019-12-26 08:52:02'),
(42, 20, 'Genoveva Cummerata', 'Odit a et consequatur quo. Aut nostrum commodi iure ut doloremque architecto.', 1, '2019-12-26 08:52:02', '2019-12-26 08:52:02'),
(43, 19, 'Veronica Champlin', 'Ipsa ipsum sit et numquam autem tenetur. Illo ab maxime dolor voluptas. Et vel aut perferendis sint eius nihil. Necessitatibus nemo id harum hic.', 2, '2019-12-26 08:52:02', '2019-12-26 08:52:02'),
(44, 2, 'Mariane Willms', 'Nemo tempora praesentium architecto sed. Atque natus quis aut est autem animi dolores. Voluptas rerum similique consequatur. Animi aliquid vel omnis est.', 0, '2019-12-26 08:52:02', '2019-12-26 08:52:02'),
(45, 11, 'Prof. Alize Langosh', 'Ut dolorem blanditiis expedita. Nisi corrupti dolore praesentium voluptatem sunt impedit minima. Quibusdam velit magnam molestiae sed magnam quaerat velit. Quasi vel tempora est aut quos.', 2, '2019-12-26 08:52:02', '2019-12-26 08:52:02'),
(46, 41, 'Shania Grant', 'Occaecati eum vitae ad exercitationem praesentium. Minima voluptatem amet sapiente omnis qui quo. Nam dolor magnam placeat modi veritatis occaecati molestiae. Autem nesciunt incidunt eligendi. Culpa omnis qui a quidem.', 2, '2019-12-26 08:52:02', '2019-12-26 08:52:02'),
(47, 20, 'Lavon Ledner', 'Id cumque minus nobis quo esse neque deleniti. Vitae minima quo magnam culpa quam. Placeat perferendis sed quisquam molestiae minus dolore itaque ut.', 3, '2019-12-26 08:52:02', '2019-12-26 08:52:02'),
(48, 17, 'Prof. Peyton Klocko', 'Quisquam qui consectetur sunt non et ut modi. Non id non illum sequi praesentium voluptatem. Et explicabo voluptates corrupti iusto. Eaque culpa in sequi impedit consectetur nulla necessitatibus incidunt.', 2, '2019-12-26 08:52:02', '2019-12-26 08:52:02'),
(49, 24, 'Ted Dibbert', 'Qui rerum eligendi dignissimos iure dolor laboriosam. Aperiam cupiditate maiores sapiente veniam. Eos laborum quo quis dolorum.', 5, '2019-12-26 08:52:02', '2019-12-26 08:52:02'),
(50, 23, 'Kylee Keebler', 'Laborum nisi minus voluptas autem aut ut ipsam. Assumenda autem qui neque voluptas.', 5, '2019-12-26 08:52:02', '2019-12-26 08:52:02'),
(51, 35, 'Miss Fae West PhD', 'Aut accusamus impedit quidem nihil. Debitis qui minima qui dolor molestiae libero laborum. Ea velit ipsam mollitia reiciendis ex perspiciatis vel iure.', 3, '2019-12-26 08:52:02', '2019-12-26 08:52:02'),
(52, 41, 'Ed Kemmer', 'Incidunt facere necessitatibus unde numquam quis. Qui sequi saepe non quae est. Est reiciendis sed fuga illum unde odio.', 4, '2019-12-26 08:52:02', '2019-12-26 08:52:02'),
(53, 46, 'Prof. Mayra Boehm DDS', 'Tenetur et est culpa quas architecto et. Quia voluptatem pariatur ut asperiores aliquid vel sequi cupiditate. Autem perspiciatis voluptatem sunt debitis. Dolorem ut et praesentium fuga et voluptatem.', 2, '2019-12-26 08:52:02', '2019-12-26 08:52:02'),
(54, 8, 'Marjory Osinski', 'Ut laborum dolor saepe fugiat provident repellendus architecto. Reprehenderit tempora quaerat est est sed voluptatem ut. Reprehenderit hic minima deleniti consequuntur sit. Maiores numquam voluptates deleniti fugit quia. Omnis eius tempore cumque.', 4, '2019-12-26 08:52:02', '2019-12-26 08:52:02'),
(55, 44, 'Cloyd Waelchi I', 'Et facilis minima quia non autem sit quia. Et rerum et qui esse quo. Architecto dicta tempore quidem culpa quasi voluptates. Animi quis iure fuga repudiandae repellat est. Cum quia maxime consequatur nostrum modi occaecati aliquam.', 4, '2019-12-26 08:52:02', '2019-12-26 08:52:02'),
(56, 16, 'Gaston Ernser', 'Qui aut minima sed qui non est. Delectus quo debitis mollitia sed temporibus vitae. Est quia est rerum beatae. Vel architecto excepturi vitae quo nesciunt pariatur.', 2, '2019-12-26 08:52:02', '2019-12-26 08:52:02'),
(57, 22, 'Maryam Jakubowski', 'Corrupti ut molestiae quia perspiciatis et. Et est ut veniam quaerat veniam. Nisi nulla a aut vitae expedita quam et enim.', 4, '2019-12-26 08:52:02', '2019-12-26 08:52:02'),
(58, 4, 'Miss Natasha Aufderhar Jr.', 'Qui aut architecto et. Voluptatem delectus sed sed perferendis aut eaque distinctio. Vero est sit reiciendis consequatur tempore sed. Eum dolor voluptatem praesentium porro animi.', 3, '2019-12-26 08:52:02', '2019-12-26 08:52:02'),
(59, 24, 'Mrs. Yessenia Wolff', 'Labore consequatur sit quis. Suscipit voluptas voluptas reiciendis voluptate. Qui vitae est blanditiis aspernatur maiores beatae possimus. Delectus quibusdam ea et esse voluptatem molestiae quidem.', 1, '2019-12-26 08:52:02', '2019-12-26 08:52:02'),
(60, 24, 'Mrs. Shanie Moen', 'Nisi eos nobis qui id. Facere nihil ipsa ullam dolorum magni consequatur aut quis. Rerum sint natus eligendi et. Non omnis sequi voluptatem consequuntur rem aut nostrum.', 2, '2019-12-26 08:52:02', '2019-12-26 08:52:02'),
(61, 7, 'Mackenzie Hessel', 'Aut expedita tempore a itaque. Voluptatem ab tenetur deleniti velit aliquid corrupti. Enim voluptas tenetur qui sed laboriosam neque. Quo odit nostrum adipisci voluptates magni nobis.', 5, '2019-12-26 08:52:02', '2019-12-26 08:52:02'),
(62, 43, 'Mr. Timmy Murazik DVM', 'Ut vel nulla est architecto autem soluta. Voluptas itaque laborum alias et qui amet rerum. Praesentium voluptas sunt enim.', 1, '2019-12-26 08:52:02', '2019-12-26 08:52:02'),
(63, 8, 'Coralie Klein', 'Quia est nam molestiae est. In quos aut voluptates quod qui sunt deserunt. Enim sequi voluptas optio deleniti. Molestiae mollitia expedita nihil a qui sint.', 3, '2019-12-26 08:52:02', '2019-12-26 08:52:02'),
(64, 14, 'Micah Upton', 'Harum et repudiandae mollitia amet nihil impedit voluptatem. Est non repudiandae nisi officia totam quos. Explicabo dolorem ut ipsam et necessitatibus saepe quibusdam sunt.', 1, '2019-12-26 08:52:02', '2019-12-26 08:52:02'),
(65, 35, 'Myron Barton', 'Voluptatum excepturi harum nihil aut minima. Placeat veritatis ad et dicta. Nobis facere debitis doloribus sit. Incidunt molestiae facere quos architecto cumque nostrum ea.', 1, '2019-12-26 08:52:02', '2019-12-26 08:52:02'),
(66, 32, 'Maverick Labadie', 'Adipisci quis sint est. Distinctio eaque soluta quas voluptatem.', 5, '2019-12-26 08:52:02', '2019-12-26 08:52:02'),
(67, 15, 'Elva Stamm', 'Maxime incidunt totam eveniet impedit. Odit quibusdam possimus id autem. Ad sint sed quae.', 5, '2019-12-26 08:52:02', '2019-12-26 08:52:02'),
(68, 12, 'Elza Raynor', 'Ducimus vel deserunt amet animi cumque eveniet. Odio nemo placeat ut incidunt eveniet. Vel at ad nihil quas quibusdam optio occaecati. Sit vel aut consequuntur ipsam voluptatem laboriosam libero.', 2, '2019-12-26 08:52:02', '2019-12-26 08:52:02'),
(69, 12, 'Tony Blanda', 'Dolorum iure velit adipisci aperiam tempora blanditiis cupiditate. Consequatur perferendis aut aut possimus. Voluptas alias maiores quia.', 5, '2019-12-26 08:52:02', '2019-12-26 08:52:02'),
(70, 35, 'Diana Robel', 'Sit culpa eveniet soluta odit cum quasi non delectus. Nesciunt culpa consequuntur in id aut ullam deserunt. Dolor aut sit ea incidunt. Eum omnis id nisi omnis.', 2, '2019-12-26 08:52:02', '2019-12-26 08:52:02'),
(71, 8, 'Santa Sanford', 'Amet omnis facere ipsa aut consectetur nesciunt cumque. Assumenda corporis modi ut et. Harum consequatur delectus magnam deleniti modi quis.', 5, '2019-12-26 08:52:02', '2019-12-26 08:52:02'),
(72, 9, 'Prof. Floy Blick III', 'Alias deleniti nam voluptatibus impedit illo aut. Porro fuga culpa quidem ut enim et. Iste saepe laboriosam repudiandae veritatis dolore dolorem. Consequatur qui quia doloremque voluptatem sit temporibus.', 0, '2019-12-26 08:52:02', '2019-12-26 08:52:02'),
(73, 41, 'Alfonso Harris', 'Est aut facilis reiciendis sed fuga eveniet. Quis aut ullam quisquam nemo fuga vel. Quae quaerat magnam quidem suscipit. Quo porro ducimus delectus ea eveniet sint ex.', 3, '2019-12-26 08:52:02', '2019-12-26 08:52:02'),
(74, 35, 'Maddison Koelpin', 'Quia asperiores perferendis reprehenderit quasi nihil et. Debitis iste repudiandae ea.', 4, '2019-12-26 08:52:02', '2019-12-26 08:52:02'),
(75, 43, 'Dawn Homenick', 'Omnis dolorum sapiente est et autem sint. Officiis eaque cum esse delectus quos. Tenetur qui natus delectus suscipit beatae tempore magnam.', 3, '2019-12-26 08:52:02', '2019-12-26 08:52:02'),
(76, 41, 'Nathanael Rutherford II', 'Consequuntur ut qui et eos. Officia rerum suscipit alias sunt corrupti. Dolores et aperiam consequuntur eum incidunt. Consequuntur quasi iure et et nihil ea corrupti.', 4, '2019-12-26 08:52:02', '2019-12-26 08:52:02'),
(77, 26, 'Silas Walker', 'Et rem voluptatem ea commodi consectetur doloribus et qui. Sit cupiditate est et nihil exercitationem. Repellendus quibusdam vel consequatur minus modi commodi iusto. Quia impedit ullam voluptatem sapiente ullam. Rem praesentium inventore qui quisquam ut.', 0, '2019-12-26 08:52:02', '2019-12-26 08:52:02'),
(78, 27, 'Marcelo Jaskolski', 'Fugit aut praesentium nostrum illum optio. Autem assumenda dolores culpa hic consectetur consectetur molestiae. Nulla fuga aut at aliquid inventore facilis fuga autem.', 4, '2019-12-26 08:52:02', '2019-12-26 08:52:02'),
(79, 40, 'Keith Labadie', 'Facilis dolor doloremque ab eligendi. Pariatur soluta non architecto animi eaque. Sed aperiam quaerat eum est. Reprehenderit deleniti aliquid error.', 1, '2019-12-26 08:52:02', '2019-12-26 08:52:02'),
(80, 22, 'Donald Armstrong', 'Dolor et omnis exercitationem modi nihil. Qui minus rerum quisquam omnis ipsum consectetur. Blanditiis aut harum voluptates debitis aut. Ipsam ex aliquam sunt mollitia sint aperiam.', 0, '2019-12-26 08:52:02', '2019-12-26 08:52:02'),
(81, 47, 'Helen Baumbach Jr.', 'Voluptatem officiis est iure et aut. Libero consequatur architecto accusantium sunt voluptas dolor numquam. Qui expedita soluta dignissimos alias quibusdam.', 1, '2019-12-26 08:52:02', '2019-12-26 08:52:02'),
(82, 24, 'Mariane Miller', 'Praesentium aut quam quia veritatis velit esse. Et earum molestias doloremque et qui. Esse incidunt et quaerat dolor rem. Ipsa et perferendis ut assumenda exercitationem.', 2, '2019-12-26 08:52:02', '2019-12-26 08:52:02'),
(83, 16, 'Burnice Sporer', 'Sint ad maxime commodi. Officia vel cumque optio nam vero. Dolore et repudiandae quia molestias vel ea natus. Et illo facere voluptatibus dolore voluptatem.', 3, '2019-12-26 08:52:02', '2019-12-26 08:52:02'),
(84, 28, 'Sigmund Satterfield', 'Unde sunt sunt officia a id expedita placeat placeat. Aut fugiat distinctio cupiditate. Rerum omnis aut facere iure in et et labore. Architecto voluptatem inventore rerum in.', 4, '2019-12-26 08:52:02', '2019-12-26 08:52:02'),
(85, 47, 'Adrien Breitenberg', 'Consequatur excepturi quis et cum autem. Et quidem aut cumque itaque tenetur autem. Laudantium expedita repellendus accusamus. Est esse harum esse.', 4, '2019-12-26 08:52:02', '2019-12-26 08:52:02'),
(86, 32, 'Carmine Shields', 'Libero et quia ratione nisi earum velit. Numquam in quibusdam assumenda quis possimus fuga. Dignissimos libero culpa ullam omnis omnis. Necessitatibus repudiandae eaque earum eos tempora repudiandae maxime.', 2, '2019-12-26 08:52:02', '2019-12-26 08:52:02'),
(87, 12, 'Dahlia Kuphal', 'Commodi eius eum necessitatibus occaecati voluptatem tempora quia. In quia inventore qui dolorem voluptatum autem. Mollitia impedit sequi quaerat nihil sint et voluptatem tempora. Aut fuga eum incidunt aliquam aut ut dolor.', 5, '2019-12-26 08:52:02', '2019-12-26 08:52:02'),
(88, 20, 'Prof. Christelle Balistreri', 'Iusto quos aut earum omnis blanditiis molestiae. Ea laboriosam cupiditate velit qui minima qui. Labore commodi aut repellat consequatur esse laudantium.', 1, '2019-12-26 08:52:02', '2019-12-26 08:52:02'),
(89, 24, 'Heaven Hintz', 'Iusto reprehenderit reiciendis aut modi voluptatem fugit odit. Amet quae eius eius nulla sapiente sed. Quia voluptatem ratione tempora molestiae.', 1, '2019-12-26 08:52:02', '2019-12-26 08:52:02'),
(90, 17, 'Jaquan Rau', 'Nostrum animi est libero quaerat vel blanditiis corrupti qui. Et accusamus voluptatem tempora ut repellendus quod quam. Architecto dolor aperiam officia eaque non veniam deserunt.', 1, '2019-12-26 08:52:02', '2019-12-26 08:52:02'),
(91, 41, 'Miss Chanelle Purdy Sr.', 'Sapiente sit ab est inventore. Expedita ea ut deleniti id ut tempora ut corrupti. Recusandae et nisi id. Voluptatibus sint et et nisi corporis expedita.', 2, '2019-12-26 08:52:02', '2019-12-26 08:52:02'),
(92, 36, 'Kaci Kihn', 'Ut omnis autem dolor. Eum voluptatibus eos cumque recusandae. Sed consequatur dolor ut autem doloribus cupiditate. Id assumenda ab sit harum rerum recusandae. Corporis ut rem ea voluptatum quaerat voluptates.', 1, '2019-12-26 08:52:02', '2019-12-26 08:52:02'),
(93, 28, 'Ms. Katharina Kshlerin', 'Est voluptatem deleniti recusandae incidunt nam qui. Optio perferendis doloribus voluptatem in. Sint aut alias ut. Officiis dicta officia eveniet.', 0, '2019-12-26 08:52:02', '2019-12-26 08:52:02'),
(94, 27, 'Prof. Greg Kilback', 'Ab fuga cumque non ea eum voluptatem. Quod ad vel consequatur quod beatae. Veniam ullam sit quo. Voluptas rerum sunt sed inventore non molestias.', 3, '2019-12-26 08:52:02', '2019-12-26 08:52:02'),
(95, 9, 'Enola Hickle', 'Fuga cupiditate est qui corrupti. Dolor sint omnis amet dignissimos hic. Accusantium et et molestiae aliquam inventore sed aut. Sunt dolorem dolore ipsum nostrum sunt magnam. Nulla debitis voluptatem qui optio repudiandae nam ducimus.', 1, '2019-12-26 08:52:02', '2019-12-26 08:52:02'),
(96, 38, 'Bart Powlowski PhD', 'Sit veniam quibusdam odit quidem repudiandae maxime. Sapiente ratione temporibus sed quaerat qui. Reiciendis doloremque ex dolore aut voluptatem. Sapiente tempora veniam consequatur dolorem quia modi soluta.', 2, '2019-12-26 08:52:02', '2019-12-26 08:52:02'),
(97, 6, 'Brant Mills V', 'Saepe id doloremque nulla consectetur mollitia provident. Ut quam eos iure dolorum consequuntur animi. Modi maiores consequatur explicabo tenetur consequatur maxime tempora accusantium.', 1, '2019-12-26 08:52:02', '2019-12-26 08:52:02'),
(98, 42, 'Vern Heller', 'Quis ad maiores quis molestias. Dicta quo voluptatem optio labore asperiores. Consequatur est commodi a molestiae dolorum at. Soluta est velit consequuntur nemo.', 3, '2019-12-26 08:52:02', '2019-12-26 08:52:02'),
(99, 37, 'Mr. Horace Abbott', 'Est magnam tempora nam dolor non et voluptatem. Aspernatur qui et sed rerum est qui blanditiis. Vitae nesciunt soluta veritatis rem aut dolorum. Officiis modi reiciendis aperiam fuga rerum inventore.', 0, '2019-12-26 08:52:02', '2019-12-26 08:52:02'),
(100, 45, 'Abigayle Hand', 'Itaque doloribus ab possimus aut. Neque unde accusamus ipsam aliquam. Ullam sit omnis expedita eius rerum et perferendis. Quaerat qui ipsa nobis voluptatibus iste est.', 3, '2019-12-26 08:52:02', '2019-12-26 08:52:02'),
(101, 14, 'Laverne Terry', 'Ad voluptate molestiae eos rerum qui quos. Dolorem earum minima tempora impedit quidem doloremque aut.', 4, '2019-12-26 08:52:02', '2019-12-26 08:52:02'),
(102, 1, 'Lizzie Auer II', 'Et ut quis sapiente et nam. Ratione doloribus aut doloremque omnis asperiores. Totam porro debitis maiores.', 4, '2019-12-26 08:52:02', '2019-12-26 08:52:02'),
(103, 20, 'Javon Tromp', 'Vero distinctio aut aliquam assumenda similique sapiente. Et sed est ea ut error. Voluptas assumenda ea repellendus nemo doloremque ut. Ut velit amet laborum neque.', 1, '2019-12-26 08:52:02', '2019-12-26 08:52:02'),
(104, 43, 'Mr. Filiberto Grady', 'Officia tempora distinctio error iste aut veniam. Soluta aspernatur natus dolorem deserunt et. Voluptatem non aut maxime autem sapiente deleniti itaque.', 5, '2019-12-26 08:52:02', '2019-12-26 08:52:02'),
(105, 26, 'Zechariah Hagenes', 'Laudantium deleniti culpa numquam et similique. Sint quo eum veritatis voluptatibus accusamus fugit. Delectus est non ab maiores velit.', 4, '2019-12-26 08:52:02', '2019-12-26 08:52:02'),
(106, 23, 'Lonie Gulgowski', 'Culpa sunt sit consectetur excepturi. Eum nisi perspiciatis ex ut atque. Laborum laudantium voluptatibus dignissimos quis.', 1, '2019-12-26 08:52:02', '2019-12-26 08:52:02'),
(107, 3, 'Prof. Hudson Hickle I', 'Sapiente repellat amet tenetur harum. Eos autem vero cupiditate dolor est facere. Eligendi voluptatem sed ducimus est est quis. Aut asperiores dolorem assumenda assumenda.', 0, '2019-12-26 08:52:02', '2019-12-26 08:52:02'),
(108, 17, 'Prof. Cassie Abbott', 'Eius iusto ad enim sit. Quaerat nesciunt quia numquam. Ducimus sunt aut a earum natus. Nisi maiores commodi ut deserunt.', 5, '2019-12-26 08:52:02', '2019-12-26 08:52:02'),
(109, 34, 'Ms. Macie Shields', 'Laboriosam dolore officiis omnis dolor quo nihil eveniet. Illum alias in quasi unde. Officia itaque accusantium ea.', 0, '2019-12-26 08:52:02', '2019-12-26 08:52:02'),
(110, 18, 'Florencio Wolff', 'Ut excepturi et occaecati nobis velit. Et eos dolorem nostrum distinctio quod.', 5, '2019-12-26 08:52:02', '2019-12-26 08:52:02'),
(111, 13, 'Kamren Baumbach', 'Et veritatis eius sit deleniti exercitationem omnis ut aut. Dolores qui qui nihil quis ea cumque sed qui. Libero non eius sit dignissimos enim aut et consequatur. Quis ut in nulla.', 2, '2019-12-26 08:52:02', '2019-12-26 08:52:02'),
(112, 19, 'Mabel Daniel', 'Ut accusantium molestias doloribus qui consequatur. Atque quidem labore tempora ullam eveniet sequi molestiae. Architecto recusandae et nostrum hic atque rerum. Atque praesentium ducimus cupiditate molestiae pariatur aut cum.', 4, '2019-12-26 08:52:02', '2019-12-26 08:52:02'),
(113, 11, 'Loren Klocko', 'Et illo quae perspiciatis et voluptate. Dolor veniam aperiam tempora qui quo blanditiis. Ad iusto est voluptas eos officia optio.', 5, '2019-12-26 08:52:02', '2019-12-26 08:52:02'),
(114, 29, 'Ms. Zoila Bosco V', 'Voluptatem est quae sint veniam. Officiis aliquam labore ab maxime libero qui. Vitae commodi quaerat sed nobis assumenda.', 1, '2019-12-26 08:52:02', '2019-12-26 08:52:02'),
(115, 32, 'Janice Purdy', 'Sapiente et quisquam ipsa provident totam. Et qui ipsum reiciendis sunt. Quaerat voluptate aut rem et sequi dolor. Pariatur nisi vitae provident eius perferendis odio voluptas.', 0, '2019-12-26 08:52:02', '2019-12-26 08:52:02'),
(116, 16, 'June Ziemann', 'Modi ex a nesciunt nisi. Et molestias voluptatem fugiat mollitia dolorem est eius exercitationem. Optio ipsum consequatur odio.', 2, '2019-12-26 08:52:02', '2019-12-26 08:52:02'),
(117, 18, 'Dr. Alexzander Maggio II', 'Non expedita dicta qui qui ut consequuntur. Culpa temporibus autem eaque voluptas porro dolor ullam. Id atque natus itaque culpa neque. Dolores dolores molestiae dolor aliquid assumenda a.', 3, '2019-12-26 08:52:02', '2019-12-26 08:52:02'),
(118, 6, 'Rosetta Watsica', 'Adipisci deserunt ut animi sit mollitia sed. Debitis aut aliquam accusamus. Amet esse nisi nostrum adipisci accusantium. Asperiores ea nisi architecto vel eius rerum et.', 5, '2019-12-26 08:52:02', '2019-12-26 08:52:02'),
(119, 34, 'Lilly Johnston', 'Perferendis velit beatae et earum. Minima quisquam et magnam cum occaecati pariatur. Est fugit odio et. Et adipisci quidem nisi dolorem tempore officiis.', 0, '2019-12-26 08:52:02', '2019-12-26 08:52:02'),
(120, 25, 'Keyon Quitzon', 'Et sed totam est culpa distinctio corporis aut facere. Labore aut quasi accusantium dolor. Ullam velit autem neque.', 0, '2019-12-26 08:52:02', '2019-12-26 08:52:02'),
(121, 5, 'Mr. Nick Kiehn DDS', 'Sunt excepturi assumenda molestias vero et ad quae. Voluptas aut adipisci unde quos. Reiciendis temporibus id voluptas est ut eveniet. Fugit deserunt eum et omnis maiores magni a repudiandae.', 2, '2019-12-26 08:52:02', '2019-12-26 08:52:02'),
(122, 5, 'Bryon Waters', 'Aut ipsam ut aut odio unde. Harum sed nulla exercitationem illum deserunt. Quia accusantium aut non. Et commodi commodi eveniet modi.', 1, '2019-12-26 08:52:02', '2019-12-26 08:52:02'),
(123, 48, 'Amelia Yundt', 'Voluptatem enim dolorem sit similique ut nesciunt. Esse consequatur reiciendis est harum. Velit sapiente ea et aut officiis et iste. Commodi eligendi corporis id voluptas.', 1, '2019-12-26 08:52:02', '2019-12-26 08:52:02'),
(124, 23, 'Prof. Curt Walker IV', 'Vel sit ea exercitationem illum cupiditate. Quis fugiat et soluta blanditiis aliquid. Voluptas minima harum ratione aspernatur.', 2, '2019-12-26 08:52:02', '2019-12-26 08:52:02'),
(125, 39, 'Prof. Khalid Langosh IV', 'Rerum deserunt dolor quae sunt. Voluptas ipsum error id aut vel. Cumque pariatur et reprehenderit. Possimus sit vel accusantium recusandae et omnis est. Earum sint et animi fugit velit perferendis consequatur consequatur.', 3, '2019-12-26 08:52:02', '2019-12-26 08:52:02'),
(126, 23, 'Stephan Skiles', 'Neque perspiciatis autem commodi quis. Blanditiis laudantium mollitia est ut laudantium distinctio. Eius in temporibus dolor quisquam aut. Modi esse cupiditate omnis nisi. Nihil vel omnis ut dolor ad.', 3, '2019-12-26 08:52:02', '2019-12-26 08:52:02'),
(127, 7, 'Constantin Bartoletti PhD', 'Ipsa quos consequuntur consequatur facilis ipsa accusamus. Quia temporibus delectus sint et est ullam. Culpa nostrum laudantium inventore et qui ipsum accusantium ex. Ducimus aspernatur suscipit quis voluptas dolorum.', 1, '2019-12-26 08:52:02', '2019-12-26 08:52:02'),
(128, 7, 'Korey Mohr', 'Voluptatem hic dicta natus dolorem rerum. Quo doloribus animi aut est sit quo et. Eos sunt eum fugiat dolores et animi quasi corporis. Mollitia dolor sunt id possimus esse.', 5, '2019-12-26 08:52:02', '2019-12-26 08:52:02'),
(129, 37, 'Reanna Stehr', 'Et aspernatur incidunt dolore praesentium numquam. Officia omnis iure laboriosam non enim ut. Pariatur et voluptas et possimus nesciunt inventore. Fuga possimus error eos animi.', 3, '2019-12-26 08:52:02', '2019-12-26 08:52:02'),
(130, 39, 'Mr. Harmon Reinger', 'Qui aut et qui. Veniam aut est aut. Quis ut numquam aut. Itaque et omnis sint qui.', 4, '2019-12-26 08:52:02', '2019-12-26 08:52:02'),
(131, 46, 'Dr. Wilson Wunsch', 'Voluptatem rerum laboriosam ut voluptatem qui. Velit quo non qui ab. Nulla maxime enim aliquam voluptas.', 3, '2019-12-26 08:52:02', '2019-12-26 08:52:02'),
(132, 49, 'Krystina Huel', 'Quia repellat et in dolorem aliquid tenetur iure. Delectus et consectetur ut esse qui ab. Architecto ea laboriosam facere neque iste.', 0, '2019-12-26 08:52:02', '2019-12-26 08:52:02'),
(133, 40, 'Dr. Maryjane Tillman', 'Est natus nesciunt est sint a qui voluptatem. Adipisci officia praesentium nisi magnam. Quam aliquid aliquam enim et autem maxime ut.', 3, '2019-12-26 08:52:02', '2019-12-26 08:52:02'),
(134, 49, 'Damien Wisozk', 'Enim nihil voluptates rerum aut qui aut. Cumque aspernatur aut omnis commodi. Laborum est ut et recusandae praesentium dolores qui. Quo in voluptatum quidem est.', 0, '2019-12-26 08:52:02', '2019-12-26 08:52:02'),
(135, 32, 'Kiara Toy', 'Velit labore aut quia et nesciunt repellendus est. Laudantium aut ullam veritatis quis. Facilis est dolorem voluptas quia odit nemo voluptatem. Voluptas optio culpa deleniti totam omnis accusantium. Perferendis neque voluptate amet.', 3, '2019-12-26 08:52:02', '2019-12-26 08:52:02'),
(136, 6, 'Carlo Heaney', 'Iure id natus quis quis et porro fuga ut. Incidunt ea consectetur dolores quo id sit amet. Illo quo sit ea. Est alias eaque et officiis.', 5, '2019-12-26 08:52:02', '2019-12-26 08:52:02'),
(137, 15, 'Dora Hamill DDS', 'Nemo qui enim facere quae aut magni. Magni qui omnis officia quae. Minus quis cumque suscipit minima provident.', 3, '2019-12-26 08:52:02', '2019-12-26 08:52:02'),
(138, 30, 'Dorthy Goyette Sr.', 'Fuga ut esse labore et molestias expedita. Facere voluptas ut et optio quo consequatur nesciunt delectus. Eligendi quia odit amet. Illum maxime rerum saepe.', 5, '2019-12-26 08:52:02', '2019-12-26 08:52:02'),
(139, 16, 'Norberto Champlin', 'Et et necessitatibus repellat repellat architecto. Et exercitationem dolorem consequatur rem dolores nostrum sunt laborum. Nemo et porro natus.', 1, '2019-12-26 08:52:02', '2019-12-26 08:52:02'),
(140, 26, 'Earnestine Reichel II', 'Nam odio occaecati et eius ut et et dolorem. Doloremque magni temporibus eos id.', 4, '2019-12-26 08:52:02', '2019-12-26 08:52:02'),
(141, 18, 'Marguerite Schiller PhD', 'Beatae nam possimus maiores molestiae quos accusantium pariatur. Sunt non laboriosam qui ut. Porro numquam culpa voluptatem molestias at rerum.', 3, '2019-12-26 08:52:02', '2019-12-26 08:52:02'),
(142, 50, 'Mr. Edd Powlowski', 'Hic quis nesciunt fugit ex labore tempora sed. Ab odit accusantium ullam neque et provident. Ipsam iste culpa quas occaecati ut.', 0, '2019-12-26 08:52:02', '2019-12-26 08:52:02'),
(143, 38, 'Duncan Ritchie PhD', 'Odit quia quibusdam rerum praesentium aperiam occaecati. Voluptas aut voluptate laudantium consequuntur est molestias. Hic modi explicabo laudantium pariatur. Consectetur at quasi delectus magnam.', 1, '2019-12-26 08:52:02', '2019-12-26 08:52:02'),
(144, 32, 'Miss Abigail Monahan V', 'Soluta voluptas deserunt aut et aliquam voluptas. Et enim ipsam laborum distinctio animi consequatur rem. Officiis modi voluptates repudiandae et molestiae ut veritatis. Molestias accusantium quia eos omnis error. Et tempore laboriosam odit qui eum.', 0, '2019-12-26 08:52:02', '2019-12-26 08:52:02'),
(145, 21, 'Darrion Adams', 'Dolore magnam est ratione voluptas est tenetur quod explicabo. Est consequatur blanditiis sequi rem error exercitationem. Omnis qui dolores quis quia asperiores.', 2, '2019-12-26 08:52:02', '2019-12-26 08:52:02'),
(146, 42, 'Dr. Mozell Stark', 'Minima et aperiam id eveniet. Quo autem quia omnis perspiciatis quis soluta amet. Qui recusandae sed nihil sit. Facere et aliquid aut excepturi.', 1, '2019-12-26 08:52:02', '2019-12-26 08:52:02'),
(147, 27, 'Miss Sister Veum', 'Nisi sit perferendis est quaerat. Laudantium ut voluptas omnis architecto aut. Rerum iste nemo beatae minima porro et consequuntur ea. Temporibus quasi magnam consequatur et fuga magnam.', 5, '2019-12-26 08:52:02', '2019-12-26 08:52:02'),
(148, 10, 'Dr. Hershel Erdman PhD', 'Itaque impedit commodi enim nisi quo molestiae maxime. Autem doloribus aut earum amet quis. Et dolor provident nesciunt ex voluptatum placeat qui.', 2, '2019-12-26 08:52:02', '2019-12-26 08:52:02'),
(149, 2, 'Josefa Kunde', 'Ut error laboriosam et est illo. Labore neque molestiae similique. Quo omnis voluptatibus tempore aspernatur provident ex molestiae veniam. Et quos qui voluptatem praesentium laborum ipsa vel.', 0, '2019-12-26 08:52:02', '2019-12-26 08:52:02'),
(150, 5, 'Cindy O\'Reilly Sr.', 'Dolor velit rerum dicta molestiae ex. Iusto aut porro minus recusandae mollitia. Iste quaerat accusamus quam quo omnis. Dolor cumque eius unde molestiae.', 5, '2019-12-26 08:52:02', '2019-12-26 08:52:02'),
(151, 39, 'Prof. Rickey Runolfsdottir PhD', 'Itaque eius deleniti voluptatum impedit ullam sit dolor. Voluptatem dignissimos non aut qui iste nesciunt et ut. Est nulla exercitationem et accusantium ut iure velit. Est qui tempora eum corrupti minus.', 5, '2019-12-26 08:52:02', '2019-12-26 08:52:02'),
(152, 23, 'Kiera Price', 'Ratione reiciendis omnis vel rerum. Eius cupiditate molestias id dolor. Libero aut quia et eveniet nihil sed ipsam eum.', 4, '2019-12-26 08:52:02', '2019-12-26 08:52:02'),
(153, 35, 'Kiana Grant IV', 'Est voluptates cupiditate numquam aut aspernatur. Quas voluptates animi et delectus fugit vero. Ab natus et laboriosam velit. Similique eius nihil aliquid ullam labore quia.', 2, '2019-12-26 08:52:02', '2019-12-26 08:52:02'),
(154, 4, 'Winnifred Kassulke IV', 'Illum voluptatem rerum est eius et. Sapiente iste aut qui neque. Saepe excepturi perferendis aut aliquam.', 1, '2019-12-26 08:52:02', '2019-12-26 08:52:02'),
(155, 33, 'Oliver Tromp', 'Est eius consequatur minus est earum ad. Repellat et et vel sunt alias. Totam et iste tempora quas voluptatibus minus. Et molestiae fuga provident quo.', 1, '2019-12-26 08:52:02', '2019-12-26 08:52:02'),
(156, 36, 'Christopher O\'Kon', 'Quasi in exercitationem sunt. Vel reprehenderit ea aperiam aut magni vitae repellendus cupiditate.', 2, '2019-12-26 08:52:02', '2019-12-26 08:52:02'),
(157, 39, 'Skylar Wunsch', 'Nam occaecati amet dolores impedit asperiores sunt iusto debitis. Ullam eos a ab culpa. Enim amet saepe ipsum autem cum voluptatem neque.', 2, '2019-12-26 08:52:02', '2019-12-26 08:52:02'),
(158, 6, 'Oswaldo Kulas PhD', 'Porro doloremque illum quisquam tempore. Voluptas voluptas omnis velit recusandae eligendi voluptatem aliquam eos. Ex voluptas molestiae quas incidunt alias cum velit laborum. Placeat harum maxime minima voluptatem ut.', 4, '2019-12-26 08:52:02', '2019-12-26 08:52:02'),
(159, 46, 'Wilfrid Nolan', 'Blanditiis animi accusamus aut enim. Reprehenderit porro nulla qui itaque accusantium eaque atque. Ipsam officiis repellendus rerum tempora excepturi praesentium quas. Saepe enim quasi nobis modi dignissimos delectus est.', 5, '2019-12-26 08:52:02', '2019-12-26 08:52:02'),
(160, 40, 'Selina Pouros', 'Et ipsa inventore eum eius et consectetur. Temporibus omnis libero vel. Et labore eos ex ducimus ipsam non.', 1, '2019-12-26 08:52:02', '2019-12-26 08:52:02'),
(161, 47, 'Sylvester McKenzie', 'Beatae omnis quidem esse veritatis mollitia sit veniam. Aut voluptatibus suscipit mollitia sunt ut alias. Ut et explicabo ut est incidunt est. Vel cum voluptatem nemo vitae perferendis ducimus.', 4, '2019-12-26 08:52:02', '2019-12-26 08:52:02'),
(162, 29, 'Laurianne Gutmann', 'Facilis sapiente qui eius quis voluptatum odio. Reiciendis eius accusamus dignissimos dignissimos. Maxime architecto qui molestiae. Ullam alias dolores est odio saepe pariatur ut.', 1, '2019-12-26 08:52:02', '2019-12-26 08:52:02'),
(163, 23, 'Gerhard Macejkovic DDS', 'Blanditiis voluptas repudiandae quo harum. Aspernatur rerum atque tenetur ut architecto reiciendis. Inventore temporibus reprehenderit eum eius excepturi velit nesciunt. A veniam optio recusandae qui odit et.', 1, '2019-12-26 08:52:02', '2019-12-26 08:52:02'),
(164, 24, 'Esteban Kovacek Sr.', 'Quia maiores id veniam. Officiis dolore veritatis asperiores totam voluptate. Dolores voluptatem dolor consequatur nobis laudantium. Dolor praesentium ipsa sed.', 5, '2019-12-26 08:52:02', '2019-12-26 08:52:02'),
(165, 1, 'Brice Senger', 'Explicabo saepe praesentium quia inventore tempora. Accusantium voluptatem magnam molestiae molestiae. Ut esse sint corporis porro officiis dolores. Qui tempore fugit sed recusandae. Quae deleniti eos deserunt voluptas eum alias doloribus.', 1, '2019-12-26 08:52:02', '2019-12-26 08:52:02'),
(166, 4, 'Prof. Mireille Ullrich', 'Reiciendis et suscipit fugit consequuntur quo aspernatur. Illum laboriosam aut quis voluptas qui ullam est. Consectetur architecto quibusdam perferendis et esse ducimus voluptatibus. Ullam possimus eos quae quia rerum voluptatem eum.', 1, '2019-12-26 08:52:02', '2019-12-26 08:52:02'),
(167, 3, 'Janiya Hyatt', 'Maxime praesentium voluptas quo soluta earum facilis dicta. Sequi aut sit ex doloribus provident qui. Possimus aut nihil dolore.', 2, '2019-12-26 08:52:02', '2019-12-26 08:52:02'),
(168, 28, 'Antonina Russel', 'Et quidem rerum praesentium impedit quia. Reiciendis autem atque doloremque dicta quia perspiciatis. Similique quaerat doloremque quasi totam quo.', 0, '2019-12-26 08:52:02', '2019-12-26 08:52:02'),
(169, 46, 'Prof. Warren Bruen PhD', 'Ullam laborum recusandae blanditiis atque. Id ut sunt non cumque et accusantium aliquam molestiae. Iusto qui eligendi incidunt est ut. Totam nisi nihil laudantium totam.', 4, '2019-12-26 08:52:02', '2019-12-26 08:52:02'),
(170, 19, 'Arvel Runolfsson PhD', 'Autem eligendi quia rerum. Autem rerum et nobis aliquid magnam qui voluptatibus. Eos facere ullam est hic quam expedita. Deleniti cupiditate est aperiam.', 2, '2019-12-26 08:52:02', '2019-12-26 08:52:02'),
(171, 16, 'Alisa Padberg', 'Sit et hic tempora assumenda at itaque. Neque facere voluptatem et labore ut eos. Illo tempore quisquam in ut laborum. Eaque tempora cumque qui expedita.', 3, '2019-12-26 08:52:02', '2019-12-26 08:52:02'),
(172, 46, 'Joesph Stark', 'Quaerat molestiae fuga doloribus omnis. Fuga nobis sint illum laborum vel voluptatum exercitationem aut. Asperiores et asperiores molestiae sit tempora expedita. Nulla impedit et quia eius.', 0, '2019-12-26 08:52:02', '2019-12-26 08:52:02'),
(173, 5, 'Anika Nolan PhD', 'Quae nihil dolor omnis dolorem sunt sed facilis. Asperiores eos sed iste et facilis rerum. Sequi ex harum voluptatem dolor maxime itaque. Minima totam tempore eos doloribus quidem quaerat sunt.', 2, '2019-12-26 08:52:02', '2019-12-26 08:52:02'),
(174, 41, 'Agustin Legros', 'Sit voluptas quasi excepturi. Vero repellat mollitia voluptatem aut neque qui iure. Sit reiciendis sapiente iste assumenda minus nihil corporis non. Eos consequatur ullam a ad sequi quam beatae.', 5, '2019-12-26 08:52:02', '2019-12-26 08:52:02'),
(175, 27, 'Helga Schroeder II', 'Asperiores sed explicabo odio est eos consequuntur non reprehenderit. Nihil qui animi dolorem quaerat repellat ex minus eum. Nisi quis natus doloribus.', 1, '2019-12-26 08:52:02', '2019-12-26 08:52:02'),
(176, 12, 'Nikolas Pouros', 'Ex repellendus quaerat labore expedita. Aut nemo sapiente blanditiis dolorem possimus et ut.', 2, '2019-12-26 08:52:02', '2019-12-26 08:52:02'),
(177, 26, 'Vickie Ondricka', 'Amet consequatur voluptatem tenetur ut. Vel quisquam consectetur enim et. Iusto velit dolore ut qui ipsum.', 0, '2019-12-26 08:52:02', '2019-12-26 08:52:02'),
(178, 19, 'Tia Bins', 'Itaque nemo maxime sequi veniam perferendis reprehenderit. Vero eligendi consectetur aspernatur sit. Eum distinctio non vel qui.', 0, '2019-12-26 08:52:02', '2019-12-26 08:52:02'),
(179, 35, 'Reginald Cormier', 'Libero nesciunt aperiam vero deleniti. Aut nulla consequuntur rerum enim. Dicta explicabo ad cupiditate. Numquam consequatur dicta recusandae ut.', 3, '2019-12-26 08:52:02', '2019-12-26 08:52:02'),
(180, 10, 'Dr. Richmond Jast', 'Aliquid nulla tempora corrupti dicta aut ut. Voluptatem enim ullam ipsa aut dolor et quo. Quisquam atque dolore repudiandae amet qui quos. Ratione labore repellat et fugit.', 1, '2019-12-26 08:52:02', '2019-12-26 08:52:02'),
(181, 35, 'Janae Prosacco', 'Animi et pariatur eos quas laudantium qui mollitia. Laborum impedit eos beatae nulla. Quia voluptatibus blanditiis eius sapiente natus expedita.', 1, '2019-12-26 08:52:02', '2019-12-26 08:52:02'),
(182, 32, 'Dr. Forest Trantow', 'In numquam ut et esse. Nemo veniam delectus nihil.', 0, '2019-12-26 08:52:02', '2019-12-26 08:52:02'),
(183, 15, 'Mikayla Davis', 'Maiores aut est cum nihil deleniti aliquam voluptatem cumque. Ducimus architecto magnam in dolor consequatur. Iusto eaque sint unde ipsam adipisci ea.', 0, '2019-12-26 08:52:02', '2019-12-26 08:52:02'),
(184, 11, 'Rodrigo Mills V', 'A velit voluptates ullam doloribus dicta facere. Accusamus optio tempora occaecati deserunt. Totam et quia laudantium aut commodi ex. Sed tempore est quaerat voluptatum vitae ut officia mollitia.', 2, '2019-12-26 08:52:02', '2019-12-26 08:52:02'),
(185, 6, 'Darius Bartell', 'Nulla asperiores eaque tenetur et hic et ut. Minima corrupti dignissimos perspiciatis libero. Ea omnis facilis omnis sit. Numquam earum fugiat dolores omnis numquam nobis.', 0, '2019-12-26 08:52:02', '2019-12-26 08:52:02'),
(186, 36, 'Nadia Casper', 'A voluptatem doloribus velit culpa qui. Et et voluptatem distinctio distinctio vero quo saepe. Consequatur distinctio perferendis facere et beatae.', 3, '2019-12-26 08:52:02', '2019-12-26 08:52:02'),
(187, 38, 'Mrs. Delphine Cruickshank', 'Et asperiores temporibus et voluptatem et consequatur perferendis rerum. Quis quaerat blanditiis dicta eum. Porro doloremque et dolores. Perspiciatis at fugit doloremque cum.', 4, '2019-12-26 08:52:02', '2019-12-26 08:52:02'),
(188, 45, 'Dr. Otilia Moore', 'Assumenda voluptatem unde explicabo. Ea eum quia et mollitia laboriosam. Ipsum doloremque est qui accusantium facilis amet sunt eaque. Aliquam repellat quas dolor nesciunt ea omnis.', 5, '2019-12-26 08:52:02', '2019-12-26 08:52:02'),
(189, 43, 'Miss Clarissa Nikolaus', 'Sit nihil totam cupiditate et et est. Qui quod necessitatibus occaecati saepe et. Culpa consectetur aut nihil ut aliquam doloribus eius quia. Est voluptatibus minima saepe.', 3, '2019-12-26 08:52:02', '2019-12-26 08:52:02'),
(190, 23, 'Eileen Ortiz', 'Dolor iusto neque saepe. Maiores quasi architecto error vel ut aliquam. Laborum porro voluptatum totam animi sit dolore. Repellat placeat et id rerum laudantium assumenda. Similique qui cupiditate aut numquam dolor possimus molestiae.', 1, '2019-12-26 08:52:02', '2019-12-26 08:52:02'),
(191, 34, 'Mr. Jerrold Hagenes', 'Voluptatem laborum rem laudantium ipsum quibusdam harum. Rem accusantium ut fugit. Sit voluptates amet et et. Consequatur ut voluptatem aut quia dolor aut dolor.', 5, '2019-12-26 08:52:02', '2019-12-26 08:52:02'),
(192, 18, 'Dr. Ludwig Schaden', 'Et possimus repellat perferendis et labore doloribus. Dolorem sint qui sunt dolore laudantium possimus est. Officia magnam totam omnis ut.', 4, '2019-12-26 08:52:02', '2019-12-26 08:52:02'),
(193, 10, 'Ernesto Yundt', 'Similique enim corrupti voluptatum enim in quidem. Et illum temporibus dolores neque aut sunt dignissimos accusantium. Harum minima culpa illum quas sapiente. Non cumque nobis quis earum. Est officia ut perferendis voluptates.', 0, '2019-12-26 08:52:02', '2019-12-26 08:52:02'),
(194, 23, 'Mrs. Alicia Emard PhD', 'Quidem omnis aspernatur et. Voluptas aut magni animi explicabo optio. Velit optio enim odit odit. Tenetur dolor facilis impedit qui qui.', 3, '2019-12-26 08:52:02', '2019-12-26 08:52:02'),
(195, 40, 'Aglae Botsford', 'Aut saepe culpa corrupti nemo voluptas facere. Eos neque saepe excepturi corrupti. At quam tenetur quibusdam vel provident harum. Cumque rerum quisquam placeat veniam nihil.', 3, '2019-12-26 08:52:02', '2019-12-26 08:52:02'),
(196, 26, 'Destiny Paucek', 'Non beatae et nisi et. Et id ipsum ullam saepe sed. Libero minima reiciendis est modi rem tempore. Aut debitis eveniet commodi aut.', 0, '2019-12-26 08:52:02', '2019-12-26 08:52:02'),
(197, 10, 'Marty Schuster', 'Mollitia ad ad quasi omnis cumque aliquam sapiente. Autem et enim in et facere. Odio vitae maxime aut sit autem necessitatibus deleniti.', 4, '2019-12-26 08:52:02', '2019-12-26 08:52:02'),
(198, 32, 'Mrs. Dayna Rath', 'Ut qui fugit adipisci dolor voluptatem. Deserunt nam qui vel non. Sint in quo odit est. Voluptate in maiores aut libero. Adipisci aliquid laudantium rerum et ut accusantium ut natus.', 4, '2019-12-26 08:52:02', '2019-12-26 08:52:02'),
(199, 31, 'Prof. Jovanny Mills', 'Est cum hic nisi nihil. Iusto aut ad nesciunt sit provident. Sit velit doloremque debitis porro minus. Qui cum praesentium odio qui molestias quaerat cumque labore.', 4, '2019-12-26 08:52:02', '2019-12-26 08:52:02'),
(200, 47, 'Tatum Dicki', 'Sit eos rerum sed rerum aut. Id provident est accusantium sit voluptates nostrum. Quibusdam sit laudantium exercitationem ab.', 1, '2019-12-26 08:52:02', '2019-12-26 08:52:02'),
(201, 21, 'Cortney Keeling', 'Consequatur ab eum atque corporis recusandae cum. Ducimus ut illo qui quibusdam similique quia.', 0, '2019-12-26 08:52:02', '2019-12-26 08:52:02'),
(202, 3, 'Prof. Ron Huel', 'Nesciunt inventore voluptates id voluptatem ipsum saepe autem. Consequatur maxime non in sint fuga aut non. Hic asperiores amet dolor occaecati ratione ut. Voluptate blanditiis nobis consequuntur eos sapiente eaque modi. Similique deserunt voluptas minima ut quasi.', 0, '2019-12-26 08:52:02', '2019-12-26 08:52:02'),
(203, 11, 'Kyra Walsh', 'Suscipit omnis omnis neque pariatur ea quia. Voluptatum dolore corrupti esse vero repellendus commodi fugit. Sed odit odio quia et ut quia sit.', 3, '2019-12-26 08:52:02', '2019-12-26 08:52:02'),
(204, 8, 'Kamren Swaniawski', 'Quos numquam quaerat et. Nobis neque aperiam nulla officia est laborum. Quia nesciunt unde culpa voluptas veritatis similique saepe. Modi perspiciatis est repudiandae omnis voluptatem.', 4, '2019-12-26 08:52:02', '2019-12-26 08:52:02'),
(205, 31, 'Wilma Gleichner', 'Aut qui quisquam totam ad dolores maxime quis unde. Nostrum exercitationem natus alias est. Sapiente quia ab qui magni ducimus et nihil. Aliquid sed doloribus quo dolor nobis necessitatibus praesentium optio.', 0, '2019-12-26 08:52:02', '2019-12-26 08:52:02'),
(206, 25, 'Mohammad Dare', 'Excepturi officia ut numquam velit voluptas et aperiam ea. Et aliquid veritatis voluptatem sed eos. Eos exercitationem est est veritatis vel sequi aliquid.', 0, '2019-12-26 08:52:02', '2019-12-26 08:52:02'),
(207, 28, 'Prof. Juana Gaylord V', 'Quos qui aut enim sapiente porro omnis ut. Deserunt dolore est ut pariatur molestiae aut velit. Sint nesciunt qui hic et. Sunt cum magni quo laboriosam.', 3, '2019-12-26 08:52:02', '2019-12-26 08:52:02');
INSERT INTO `reviews` (`id`, `product_id`, `customer`, `review`, `star`, `created_at`, `updated_at`) VALUES
(208, 40, 'Dr. Cyrus Streich', 'Rerum eum est cupiditate id odio architecto eum. Qui in consectetur sit culpa eius est rerum. Perspiciatis voluptates minima quod eos. Pariatur et quasi sit quia.', 0, '2019-12-26 08:52:02', '2019-12-26 08:52:02'),
(209, 33, 'Anabelle VonRueden', 'Corporis quia cupiditate odit ullam cum error. Qui nobis repellat dolor. Praesentium maiores repellat et ex cupiditate. Enim explicabo officiis placeat et.', 5, '2019-12-26 08:52:02', '2019-12-26 08:52:02'),
(210, 8, 'Prof. Brittany Blick Sr.', 'Qui saepe modi et aperiam laboriosam voluptas. Ut libero voluptatum ut. Enim aut tenetur ea sint maiores facere.', 3, '2019-12-26 08:52:02', '2019-12-26 08:52:02'),
(211, 18, 'Kim Grady', 'Ratione est blanditiis libero at. Alias aut recusandae nesciunt est perspiciatis. Et ab voluptatem voluptatum aliquam aut minima.', 5, '2019-12-26 08:52:02', '2019-12-26 08:52:02'),
(212, 42, 'Janiya Skiles', 'Et asperiores est deserunt mollitia. Ut aut impedit deleniti dolore voluptas repellat fuga consequatur. Molestiae quasi omnis dolorum porro consequatur dolor. Ea consectetur neque saepe velit.', 5, '2019-12-26 08:52:02', '2019-12-26 08:52:02'),
(213, 36, 'Ettie Mueller', 'Delectus soluta nesciunt non ut animi hic mollitia nostrum. Placeat qui eos animi perspiciatis quod qui sed. Temporibus deserunt non voluptas incidunt placeat modi nemo.', 3, '2019-12-26 08:52:02', '2019-12-26 08:52:02'),
(214, 33, 'Dr. Russ Crooks DVM', 'Recusandae maxime deleniti aut dolorum omnis. Dolore porro sapiente officia officiis commodi rerum eaque eius. Enim quidem accusamus culpa repellendus aut dolorum quae. Modi cumque eligendi repudiandae possimus.', 5, '2019-12-26 08:52:02', '2019-12-26 08:52:02'),
(215, 9, 'Prof. Sunny Wolff', 'Architecto est aut qui consequuntur quidem quia natus. Magni unde ut cumque saepe. Voluptatem sapiente quisquam repellat consequatur qui. Laudantium soluta quod deleniti porro cupiditate et.', 0, '2019-12-26 08:52:02', '2019-12-26 08:52:02'),
(216, 41, 'Karianne Volkman', 'Quos fugiat molestiae quasi architecto voluptas accusamus aut qui. Excepturi sit minima et et repudiandae. Sed doloribus porro aut nesciunt veritatis molestias deserunt. Possimus qui et est et qui officiis.', 0, '2019-12-26 08:52:02', '2019-12-26 08:52:02'),
(217, 9, 'Ms. Destini Rodriguez', 'Ut dicta veritatis consectetur rerum. Non ducimus est ut. Sapiente eos consectetur repellat quae nihil ut.', 3, '2019-12-26 08:52:02', '2019-12-26 08:52:02'),
(218, 35, 'Prof. Rodrick Sipes DDS', 'Sequi et maxime quibusdam debitis. Ullam impedit exercitationem quo omnis aspernatur quo aut. Earum et et voluptatem accusantium ut. Accusantium provident qui quia accusantium ad assumenda. Qui omnis laborum veniam a.', 5, '2019-12-26 08:52:02', '2019-12-26 08:52:02'),
(219, 29, 'Zachery Runolfsson DVM', 'Sapiente qui autem nihil. Qui voluptatem officiis ex facere aspernatur et quas rerum. Reprehenderit qui quos velit et laudantium.', 1, '2019-12-26 08:52:02', '2019-12-26 08:52:02'),
(220, 1, 'Delfina Bernhard', 'Aut magnam voluptate unde porro corporis iusto. Est eum dolore culpa esse architecto suscipit. Quo voluptate debitis sunt consequuntur quis. Impedit aut distinctio non cumque.', 5, '2019-12-26 08:52:02', '2019-12-26 08:52:02'),
(221, 23, 'Dr. Ahmed Schumm IV', 'Quod eum molestias qui quasi magni. Omnis porro ipsa quod error accusamus. Eaque qui non beatae libero ut dolor voluptates. Libero nesciunt aliquid labore saepe incidunt eaque.', 4, '2019-12-26 08:52:02', '2019-12-26 08:52:02'),
(222, 45, 'Miss Hermina Cole Sr.', 'Harum nisi eaque sint molestias. Ex occaecati consequatur molestiae quae explicabo. Tenetur vitae delectus praesentium ad nisi. Quia qui velit fugiat tempore vel sed inventore.', 3, '2019-12-26 08:52:02', '2019-12-26 08:52:02'),
(223, 1, 'Isabell Jones Sr.', 'Exercitationem esse est et. Incidunt tenetur optio nemo rerum ad eveniet non facere. Ut suscipit nam voluptate sint labore. Voluptatem mollitia dolor ratione molestias.', 5, '2019-12-26 08:52:02', '2019-12-26 08:52:02'),
(224, 13, 'Ethyl Kilback', 'Et consequatur ut aliquid blanditiis autem. Cupiditate quia nam quaerat dolorem dolores inventore sint. Minus in distinctio ut.', 4, '2019-12-26 08:52:02', '2019-12-26 08:52:02'),
(225, 39, 'Chandler Kuhn', 'Eos eveniet dolorum consequuntur odit autem sit accusantium. Repellat enim non provident. Quas asperiores nemo omnis ducimus harum. Aut qui facere numquam soluta excepturi ipsa sunt.', 4, '2019-12-26 08:52:02', '2019-12-26 08:52:02'),
(226, 35, 'Walton Friesen IV', 'Eos dolores cumque sed fuga quos quaerat quis. Quo id commodi qui voluptatem consequatur provident aliquid.', 5, '2019-12-26 08:52:02', '2019-12-26 08:52:02'),
(227, 9, 'Daphnee Baumbach', 'Et quisquam est quae natus architecto voluptas. Id voluptas molestiae laborum molestias voluptatem ea aliquam. Dignissimos dolores rerum beatae consequatur quaerat placeat voluptas.', 1, '2019-12-26 08:52:02', '2019-12-26 08:52:02'),
(228, 48, 'Prof. Laron Frami III', 'Ut aspernatur possimus sed voluptatum nam unde. Voluptates in hic voluptas architecto et aliquid. Quia debitis nostrum distinctio maiores perferendis. Non sapiente doloribus eum voluptatum aliquid. Rerum sunt ad minima ut ad.', 1, '2019-12-26 08:52:02', '2019-12-26 08:52:02'),
(229, 45, 'Prof. Aryanna Franecki III', 'Neque quo quo unde temporibus quas. Veniam pariatur dolor sit praesentium ut quia quibusdam. Hic ipsam placeat aperiam corrupti et nihil.', 4, '2019-12-26 08:52:02', '2019-12-26 08:52:02'),
(230, 10, 'Gillian Lesch', 'Corporis illum deleniti et consectetur mollitia ut. Et neque itaque et. Iusto odio et et natus. Voluptatem rerum neque deleniti cumque nihil nemo. Ut voluptate totam natus.', 3, '2019-12-26 08:52:02', '2019-12-26 08:52:02'),
(231, 3, 'Olga Dare', 'Sit ipsa reiciendis quibusdam at. Id natus et ullam laudantium et itaque ut est. Atque iure ut nihil minima esse.', 4, '2019-12-26 08:52:03', '2019-12-26 08:52:03'),
(232, 8, 'Prof. Matilda Weissnat', 'Provident est ea pariatur iusto. Dolore qui sit rerum.', 3, '2019-12-26 08:52:03', '2019-12-26 08:52:03'),
(233, 50, 'Prof. Cloyd Jacobson', 'Quod labore vel illo eligendi ab dignissimos officiis rem. Nam ea voluptatibus atque. Perspiciatis quis est quos placeat cupiditate aspernatur.', 0, '2019-12-26 08:52:03', '2019-12-26 08:52:03'),
(234, 4, 'Dr. Alford Sanford', 'Accusamus rerum illum soluta. Facere exercitationem et inventore unde optio dolore. Vel nihil asperiores et animi officia. Animi recusandae reprehenderit itaque molestiae sint dolor.', 5, '2019-12-26 08:52:03', '2019-12-26 08:52:03'),
(235, 22, 'Kade Homenick II', 'Accusamus similique iure totam possimus. Sit ut excepturi eos quas nisi. Ratione molestias libero itaque et enim voluptate. Dolorem quibusdam eum est consequatur.', 2, '2019-12-26 08:52:03', '2019-12-26 08:52:03'),
(236, 2, 'Domenick Huels', 'Eveniet eos quo eos sunt dolores ab. Eveniet distinctio dolorum eaque molestiae. Sint ab cumque in eaque natus.', 2, '2019-12-26 08:52:03', '2019-12-26 08:52:03'),
(237, 7, 'Lue Fritsch', 'Dolore repellendus exercitationem vitae veniam eligendi impedit sunt. Et et numquam ipsum ut consequuntur numquam praesentium. Quo nihil quis qui rerum asperiores commodi asperiores. Cum sit quia quisquam eligendi.', 3, '2019-12-26 08:52:03', '2019-12-26 08:52:03'),
(238, 21, 'Madie Mitchell', 'Ut quae et dolores distinctio. Impedit saepe rem sint est perspiciatis.', 5, '2019-12-26 08:52:03', '2019-12-26 08:52:03'),
(239, 29, 'Autumn Torphy', 'Provident ipsa quidem dicta vitae. Et quia iste sunt enim magnam ullam cupiditate et. Dignissimos qui qui quo quasi.', 2, '2019-12-26 08:52:03', '2019-12-26 08:52:03'),
(240, 26, 'Berniece Bergnaum', 'Suscipit unde non inventore voluptas facilis pariatur labore at. Dolor sit cumque in culpa ratione in nisi. Rerum sit sit aliquid. Nihil sint quia consequatur.', 2, '2019-12-26 08:52:03', '2019-12-26 08:52:03'),
(241, 49, 'Mr. Jaiden Kuphal', 'Pariatur placeat optio sed ullam. Adipisci et ut dolores explicabo. Magnam corrupti recusandae animi harum velit. Corrupti eaque soluta nihil non facilis.', 3, '2019-12-26 08:52:03', '2019-12-26 08:52:03'),
(242, 38, 'Daron Friesen', 'Quaerat maxime ut quis. Fugiat mollitia perferendis sequi temporibus sit ullam veritatis. Veritatis corrupti exercitationem minima.', 4, '2019-12-26 08:52:03', '2019-12-26 08:52:03'),
(243, 17, 'Alanis Boehm', 'Quia in libero voluptas omnis sit. Laudantium vel voluptas voluptates voluptatem aperiam sunt. Itaque rerum ut ipsum et eaque qui. Quibusdam aperiam provident mollitia laudantium quia repellendus.', 2, '2019-12-26 08:52:03', '2019-12-26 08:52:03'),
(244, 49, 'Dr. Kiana Dickens DDS', 'Aut consequatur dolore hic ad et. Accusantium qui eos sed. Repellat ut natus eum repellendus temporibus dicta sint.', 5, '2019-12-26 08:52:03', '2019-12-26 08:52:03'),
(245, 40, 'Alia Metz', 'Qui provident perspiciatis similique id. Quaerat accusantium eveniet sequi est quis placeat. Aperiam accusantium iste velit. Et atque exercitationem et aut exercitationem beatae.', 2, '2019-12-26 08:52:03', '2019-12-26 08:52:03'),
(246, 5, 'Axel Schulist', 'Sint expedita unde dolores numquam in provident. Numquam aut inventore saepe.', 4, '2019-12-26 08:52:03', '2019-12-26 08:52:03'),
(247, 13, 'Prof. Samanta Larkin', 'Laboriosam qui nisi in. Voluptatem tempore voluptas facere nobis. Necessitatibus eum sit accusantium facere sed velit consequuntur.', 1, '2019-12-26 08:52:03', '2019-12-26 08:52:03'),
(248, 5, 'Ms. Annetta Bashirian I', 'Omnis quia velit cupiditate nobis. At magni quas ullam fuga non voluptates.', 1, '2019-12-26 08:52:03', '2019-12-26 08:52:03'),
(249, 3, 'Prof. Julianne Hoeger Sr.', 'Laudantium dolorem quo officiis quam sed ut rerum. Aut quo harum occaecati dolorem ipsa accusamus. Deleniti mollitia officia incidunt quo deserunt minima. Rem cumque eum ad reprehenderit id hic voluptatem commodi.', 5, '2019-12-26 08:52:03', '2019-12-26 08:52:03'),
(250, 6, 'Eileen Lind', 'Autem laborum molestiae quod maxime nihil odit. Modi accusantium ullam non dolore accusantium voluptates. Quo dolore asperiores incidunt qui. Eos aut ut molestias necessitatibus ut et.', 4, '2019-12-26 08:52:03', '2019-12-26 08:52:03'),
(251, 25, 'Tanya Zemlak', 'Culpa unde quas ipsa illum sed omnis. Id facilis sunt magnam dolore non. Quia amet aut sunt aut animi.', 2, '2019-12-26 08:52:03', '2019-12-26 08:52:03'),
(252, 19, 'Dr. Odessa Graham DDS', 'Perferendis molestias quia voluptates reiciendis. Voluptatem sint porro quod hic ea cupiditate molestiae ut. Veritatis et est autem deserunt.', 1, '2019-12-26 08:52:03', '2019-12-26 08:52:03'),
(253, 4, 'Alejandra Schmitt', 'Cupiditate vel aut voluptatum consequatur velit libero. Ullam qui minus repudiandae reiciendis et. Excepturi corrupti qui adipisci veritatis.', 4, '2019-12-26 08:52:03', '2019-12-26 08:52:03'),
(254, 15, 'Clovis Macejkovic', 'Illo non perferendis qui ad distinctio voluptate consequatur. Harum laudantium nihil omnis voluptatum porro quisquam. Incidunt accusantium sed enim et rerum tempora iusto est.', 3, '2019-12-26 08:52:03', '2019-12-26 08:52:03'),
(255, 11, 'Fabiola Spencer', 'Facere et vel delectus et qui sequi. Culpa quasi necessitatibus officia ut. Aut reprehenderit quaerat necessitatibus. Molestias est occaecati pariatur.', 0, '2019-12-26 08:52:03', '2019-12-26 08:52:03'),
(256, 11, 'Mr. Triston Turner IV', 'Omnis placeat voluptas aut soluta dignissimos. Asperiores accusamus nemo laborum minus dolores. Ipsa expedita repudiandae dolor ratione nostrum sit. Autem fugiat pariatur modi ut quasi culpa quibusdam.', 2, '2019-12-26 08:52:03', '2019-12-26 08:52:03'),
(257, 31, 'Ms. Cassandre Stokes I', 'Magni optio aut sunt molestiae dolores provident veritatis est. Laudantium dolores dicta laboriosam dicta.', 3, '2019-12-26 08:52:03', '2019-12-26 08:52:03'),
(258, 34, 'Prof. Janis Shields PhD', 'Maiores aut ut harum ducimus dolores dicta. Quam quia in voluptas nihil id eum earum. Facilis atque exercitationem pariatur qui similique error.', 4, '2019-12-26 08:52:03', '2019-12-26 08:52:03'),
(259, 3, 'Mrs. Araceli Koelpin PhD', 'Et qui sed et voluptates. Nostrum inventore dolorem iure nostrum. Ratione quam amet quibusdam delectus animi rerum dignissimos. Adipisci tempore omnis sit quia aut accusamus. Et illo et quidem alias doloribus fuga nisi.', 5, '2019-12-26 08:52:03', '2019-12-26 08:52:03'),
(260, 7, 'Kenton Nikolaus', 'Sit magni vitae quidem iure pariatur et alias. Sed accusantium iste rerum et. Accusantium perspiciatis aliquid quibusdam magnam. Nesciunt quae quibusdam corporis odit sed harum.', 3, '2019-12-26 08:52:03', '2019-12-26 08:52:03'),
(261, 7, 'Hattie Champlin', 'Accusamus dignissimos sed quia distinctio sunt voluptas officia. Est fugit fuga repudiandae maxime soluta aperiam ut. Ex et amet aut nobis sint et dolorem.', 0, '2019-12-26 08:52:03', '2019-12-26 08:52:03'),
(262, 16, 'Alivia Champlin', 'Quia id natus et ut voluptatem amet ratione earum. Alias rerum consequatur quod aut quas esse. Amet recusandae earum recusandae ab eum omnis quis et.', 2, '2019-12-26 08:52:03', '2019-12-26 08:52:03'),
(263, 32, 'Hellen Rice', 'Fuga maiores eos ipsa rerum sed. Laudantium facere quis velit. Consequatur omnis eveniet mollitia est consequatur ut ut rerum. Dolorem dolores optio voluptatem eaque deleniti odit quo.', 0, '2019-12-26 08:52:03', '2019-12-26 08:52:03'),
(264, 39, 'Bradley O\'Conner', 'Illo inventore repellat accusamus nostrum numquam. Rerum a laboriosam ea deserunt et dolor laudantium. Sed provident odit qui possimus. Architecto eius voluptate voluptates cum quis et.', 3, '2019-12-26 08:52:03', '2019-12-26 08:52:03'),
(265, 2, 'Mr. Jules Beier IV', 'Maxime occaecati consequatur non distinctio itaque numquam numquam fugit. Magnam sit aut quis qui. Ipsa cupiditate velit expedita atque. Temporibus dicta tempore reprehenderit autem et excepturi.', 5, '2019-12-26 08:52:03', '2019-12-26 08:52:03'),
(266, 44, 'Leilani Block', 'Nam iusto quisquam asperiores quas inventore. Aut id dolorem natus delectus. Autem quae consequatur a officiis in.', 2, '2019-12-26 08:52:03', '2019-12-26 08:52:03'),
(267, 13, 'Orland Sauer', 'Aut dignissimos culpa voluptas modi nisi sunt facilis sed. Nihil nemo odit quo. Consequatur debitis impedit et quisquam cupiditate nemo sit.', 0, '2019-12-26 08:52:03', '2019-12-26 08:52:03'),
(268, 48, 'Lexus Brekke', 'Laborum aut pariatur est nobis facilis voluptas. Sit numquam vitae neque iusto. Corporis culpa in in modi. Corrupti ipsum incidunt molestiae.', 1, '2019-12-26 08:52:03', '2019-12-26 08:52:03'),
(269, 4, 'Dr. Leilani Reinger DVM', 'Adipisci ea ut non sed provident iure. Ratione atque in quo et voluptas eaque. Illum rerum voluptas et sed quia vitae quidem enim. Ea similique enim quia voluptatum dolore sint delectus.', 1, '2019-12-26 08:52:03', '2019-12-26 08:52:03'),
(270, 32, 'Nicolas Greenfelder', 'Dignissimos similique est aspernatur et. Delectus cupiditate est nisi est. Facere cumque vero voluptatum numquam. Aut et quo mollitia dolor dolorum consectetur eos.', 5, '2019-12-26 08:52:03', '2019-12-26 08:52:03'),
(271, 20, 'Nicola Green', 'Consectetur et facilis doloremque reprehenderit. Minima in quidem ea odio inventore sit quam. Officiis deleniti illo velit a eius id nulla. Sed illo dolor neque enim. Qui voluptatem aut quod dicta iure id.', 1, '2019-12-26 08:52:03', '2019-12-26 08:52:03'),
(272, 15, 'Mrs. Mariah Walter', 'Autem tenetur maiores deserunt nostrum et impedit omnis. Incidunt et explicabo nostrum sed iste. Pariatur quia et rerum sit commodi. Repellat id placeat illum non iusto voluptas ratione. Ab et alias eaque praesentium et.', 5, '2019-12-26 08:52:03', '2019-12-26 08:52:03'),
(273, 45, 'Vella Lindgren', 'Accusantium et omnis asperiores sit. Quae veniam quisquam ab eligendi sint excepturi quia. Sapiente incidunt sed consequatur occaecati eius.', 1, '2019-12-26 08:52:03', '2019-12-26 08:52:03'),
(274, 24, 'Katlynn Runte', 'Aut ea nulla amet ad. Quibusdam nesciunt maiores dolorem iure alias. Et optio eius natus voluptatem illum ad ut et. Quia sit qui earum ut consequatur itaque autem. Alias unde nihil autem repellat necessitatibus.', 3, '2019-12-26 08:52:03', '2019-12-26 08:52:03'),
(275, 34, 'Ocie Yost', 'Aspernatur voluptates voluptas quaerat eligendi nisi in qui. Quia expedita sit sed eveniet sequi nobis. Dolor incidunt ullam similique molestias laborum.', 5, '2019-12-26 08:52:03', '2019-12-26 08:52:03'),
(276, 50, 'Prof. Wilber Cruickshank Sr.', 'Eligendi velit delectus dicta praesentium est. Beatae eaque aliquid autem facilis consequatur vel doloribus et. Natus velit accusantium nobis ab sed atque occaecati.', 4, '2019-12-26 08:52:03', '2019-12-26 08:52:03'),
(277, 33, 'Ricardo Kemmer', 'Nesciunt nemo consectetur fugiat quod culpa qui. Eum illo unde autem aut. Iure omnis qui ad enim molestiae dolorem quisquam. Qui deleniti aut accusantium eum officiis voluptates.', 2, '2019-12-26 08:52:03', '2019-12-26 08:52:03'),
(278, 42, 'Quinton Jacobs', 'In sit eaque hic ut sint. Nemo quo ratione temporibus velit voluptatem enim. Occaecati maiores minus officia sit.', 4, '2019-12-26 08:52:03', '2019-12-26 08:52:03'),
(279, 7, 'Sabryna Klein PhD', 'Quia debitis vel et explicabo non. Exercitationem dolores quia architecto similique quia. Enim incidunt recusandae tenetur.', 0, '2019-12-26 08:52:03', '2019-12-26 08:52:03'),
(280, 2, 'Zackery Kuhn IV', 'Quis repellat et omnis officia. Fugit autem accusantium eum nihil ea voluptas corporis. Alias est porro nihil ex est tempore doloremque.', 2, '2019-12-26 08:52:03', '2019-12-26 08:52:03'),
(281, 3, 'Prof. Deven Runolfsdottir', 'Temporibus ab in vero ab ducimus. Rerum iste ab voluptates iusto error dolorem. Culpa necessitatibus quis perferendis et officiis aut voluptatem omnis. Atque occaecati at voluptas pariatur exercitationem aliquam exercitationem aut. Voluptas cupiditate alias quidem rerum.', 3, '2019-12-26 08:52:03', '2019-12-26 08:52:03'),
(282, 31, 'Prof. Marvin Torp', 'Reiciendis aliquid nobis enim in ut et. Non porro omnis voluptatem. Quisquam et debitis praesentium qui perferendis accusantium.', 4, '2019-12-26 08:52:03', '2019-12-26 08:52:03'),
(283, 27, 'Martin Murphy PhD', 'Enim unde autem voluptas libero dolor. Ea quis ducimus ullam qui eligendi quas ducimus. Consectetur qui labore labore iste occaecati.', 5, '2019-12-26 08:52:03', '2019-12-26 08:52:03'),
(284, 17, 'Brandy Zulauf', 'Enim rerum suscipit placeat quae. Aliquam in laboriosam quisquam voluptatibus et sapiente omnis harum. Facere rerum tenetur iure nemo rerum incidunt asperiores ut. Et nihil quae ullam est.', 3, '2019-12-26 08:52:03', '2019-12-26 08:52:03'),
(285, 21, 'Marcella Bogisich', 'Et voluptatem incidunt blanditiis. In omnis eos hic quis sint fuga. Quo suscipit est explicabo quia animi odit nulla. Quae odio saepe non illum facilis. Velit saepe et omnis quo.', 3, '2019-12-26 08:52:03', '2019-12-26 08:52:03'),
(286, 23, 'Mr. Kamron Nader DDS', 'Ut nulla laborum consequuntur molestiae ab beatae deserunt. Eos saepe eos et minima. Tenetur cupiditate a itaque et. Et magnam eos quas dolores quasi rerum qui. Iusto hic veniam accusantium qui libero aut.', 3, '2019-12-26 08:52:03', '2019-12-26 08:52:03'),
(287, 39, 'Alta Skiles', 'Exercitationem iste qui vero. Consequatur sint est blanditiis. In eum quaerat sequi accusamus est vitae dolores. Cupiditate corrupti qui vero sed velit delectus quo numquam. Quia earum eos provident autem.', 5, '2019-12-26 08:52:03', '2019-12-26 08:52:03'),
(288, 31, 'Dr. Moshe Lockman', 'Nisi placeat ipsum incidunt atque autem. Autem eligendi repudiandae ut labore voluptas aut aut. Quia officia laborum deleniti nam. Iure ipsum similique soluta autem alias facilis rem quia.', 0, '2019-12-26 08:52:03', '2019-12-26 08:52:03'),
(289, 11, 'Alberta Ferry', 'Enim aspernatur inventore vero reiciendis vitae. Tenetur porro reiciendis consequatur voluptate. Optio molestiae eius aut consequuntur quia omnis voluptatem.', 0, '2019-12-26 08:52:03', '2019-12-26 08:52:03'),
(290, 47, 'Prof. Angelina Daniel', 'Qui quisquam quis et laboriosam. Consectetur quis repudiandae possimus. Amet aliquid nostrum asperiores nihil.', 5, '2019-12-26 08:52:03', '2019-12-26 08:52:03'),
(291, 24, 'Prof. Brock Hilpert', 'Eos autem sit saepe fugit expedita et. Totam possimus maxime omnis distinctio voluptatibus quia eius et. Nostrum consectetur dolor sunt quia ullam qui numquam. Voluptas voluptatum et eos aut autem et. Fugiat consequatur velit occaecati minus at.', 5, '2019-12-26 08:52:03', '2019-12-26 08:52:03'),
(292, 19, 'Annetta Spencer', 'Qui dolore aut quas temporibus. Numquam vitae est aliquid vel.', 4, '2019-12-26 08:52:03', '2019-12-26 08:52:03'),
(293, 16, 'Prof. Manuel Lockman DDS', 'Veniam cumque itaque dolore velit. Voluptas voluptatem tempora sed. Aut magnam possimus qui omnis quia illo ducimus molestiae.', 4, '2019-12-26 08:52:03', '2019-12-26 08:52:03'),
(294, 23, 'Estefania Lehner', 'In maiores iusto accusantium dolor voluptatibus. Magnam ut et vero neque amet. Voluptas neque quaerat earum tempore minus saepe.', 1, '2019-12-26 08:52:03', '2019-12-26 08:52:03'),
(295, 23, 'Ubaldo Hirthe', 'Dolores quidem officia eius dolorem consequatur sint. Et animi suscipit incidunt rem laboriosam enim. Illum sed reiciendis dolorem totam minus tempora.', 3, '2019-12-26 08:52:03', '2019-12-26 08:52:03'),
(296, 36, 'Desmond Carroll', 'Quam vel voluptate minus dignissimos ipsam illum. Quod sed distinctio dolorem quibusdam soluta ullam cum. Ex doloremque aut nihil est. Qui ullam accusamus dignissimos nam deserunt. Sint quia aut ipsam.', 5, '2019-12-26 08:52:03', '2019-12-26 08:52:03'),
(297, 8, 'Robb Upton Sr.', 'Animi tenetur officiis neque ex consequatur temporibus. Est eligendi sit ut quidem vitae ea aut. Assumenda et id harum voluptate dolor ut quidem.', 2, '2019-12-26 08:52:03', '2019-12-26 08:52:03'),
(298, 50, 'London Kub', 'Doloribus cupiditate repellendus doloribus nihil tenetur quasi reiciendis ullam. Non qui velit iure incidunt quidem. Eligendi fugiat explicabo nisi voluptatem reiciendis sequi adipisci.', 1, '2019-12-26 08:52:03', '2019-12-26 08:52:03'),
(299, 34, 'Miss Concepcion McDermott I', 'Sit deserunt delectus eum maxime voluptatem veritatis. Vitae veniam facilis fugiat porro tempora facilis. Nobis voluptatum sunt velit vel totam.', 4, '2019-12-26 08:52:03', '2019-12-26 08:52:03'),
(300, 5, 'Freddie Dare Sr.', 'Consequatur est porro dignissimos fugiat illum autem suscipit. Fuga pariatur veniam ut. Culpa cumque inventore neque beatae. Hic nesciunt corrupti qui cum.', 5, '2019-12-26 08:52:03', '2019-12-26 08:52:03');

-- --------------------------------------------------------

--
-- Tabellenstruktur für Tabelle `users`
--

CREATE TABLE `users` (
  `id` int(10) UNSIGNED NOT NULL,
  `name` varchar(255) COLLATE utf8mb4_unicode_ci NOT NULL,
  `email` varchar(255) COLLATE utf8mb4_unicode_ci NOT NULL,
  `email_verified_at` timestamp NULL DEFAULT NULL,
  `password` varchar(255) COLLATE utf8mb4_unicode_ci NOT NULL,
  `remember_token` varchar(100) COLLATE utf8mb4_unicode_ci DEFAULT NULL,
  `created_at` timestamp NULL DEFAULT NULL,
  `updated_at` timestamp NULL DEFAULT NULL
) ENGINE=InnoDB DEFAULT CHARSET=utf8mb4 COLLATE=utf8mb4_unicode_ci;

--
-- Indizes der exportierten Tabellen
--

--
-- Indizes für die Tabelle `migrations`
--
ALTER TABLE `migrations`
  ADD PRIMARY KEY (`id`);

--
-- Indizes für die Tabelle `products`
--
ALTER TABLE `products`
  ADD PRIMARY KEY (`id`);

--
-- Indizes für die Tabelle `reviews`
--
ALTER TABLE `reviews`
  ADD PRIMARY KEY (`id`),
  ADD KEY `reviews_product_id_index` (`product_id`);

--
-- Indizes für die Tabelle `users`
--
ALTER TABLE `users`
  ADD PRIMARY KEY (`id`);

--
-- AUTO_INCREMENT für exportierte Tabellen
--

--
-- AUTO_INCREMENT für Tabelle `migrations`
--
ALTER TABLE `migrations`
  MODIFY `id` int(10) UNSIGNED NOT NULL AUTO_INCREMENT, AUTO_INCREMENT=5;

--
-- AUTO_INCREMENT für Tabelle `products`
--
ALTER TABLE `products`
  MODIFY `id` int(10) UNSIGNED NOT NULL AUTO_INCREMENT, AUTO_INCREMENT=51;

--
-- AUTO_INCREMENT für Tabelle `reviews`
--
ALTER TABLE `reviews`
  MODIFY `id` int(10) UNSIGNED NOT NULL AUTO_INCREMENT, AUTO_INCREMENT=301;

--
-- AUTO_INCREMENT für Tabelle `users`
--
ALTER TABLE `users`
  MODIFY `id` int(10) UNSIGNED NOT NULL AUTO_INCREMENT;

--
-- Constraints der exportierten Tabellen
--

--
-- Constraints der Tabelle `reviews`
--
ALTER TABLE `reviews`
  ADD CONSTRAINT `reviews_product_id_foreign` FOREIGN KEY (`product_id`) REFERENCES `products` (`id`) ON DELETE CASCADE;
COMMIT;

/*!40101 SET CHARACTER_SET_CLIENT=@OLD_CHARACTER_SET_CLIENT */;
/*!40101 SET CHARACTER_SET_RESULTS=@OLD_CHARACTER_SET_RESULTS */;
/*!40101 SET COLLATION_CONNECTION=@OLD_COLLATION_CONNECTION */;
